Workbook

Sheet TARGET MARKETING BANUA 2026
A1: KPI | B1: Q1 | E1: Q2 | H1: Q3 | K1: Q4 | N1: TOTAL
B2: JAN | C2: FEB | D2: MAR | E2: APR | F2: MEI | G2: JUN | H2: JUL | I2: AGUST | J2: SEP | K2: OKT | L2: NOP | M2: DES
A3: HONDA MOTOR | B3: 20000000 | C3: 8000000 | D3: 8000000 | E3: 15000000 | F3: 15000000 | G3: 15000000 | H3: 15000000 | I3: 15000000 | J3: 15000000 | K3: 8000000 | L3: 8000000 | M3: 8000000 | N3: =SUM(B3:M3) -> 150000000
A4: WULING | B4: 5000000 | C4: 1000000 | D4: 1000000 | E4: 5000000 | F4: 8000000 | G4: 5000000 | H4: 5000000 | I4: 10000000 | J4: 9000000 | K4: 5000000 | L4: 6000000 | M4: 5000000 | N4: =SUM(B4:M4) -> 65000000
A5: HONDA MOBIL | B5: 10000000 | C5: 1000000 | D5: 1000000 | E5: 3000000 | F5: 3000000 | G5: 5000000 | H5: 4000000 | I5: 5000000 | J5: 5000000 | K5: 3000000 | L5: 3000000 | M5: 2000000 | N5: =SUM(B5:M5) -> 45000000
A6: SUZUKI | B6: 1000000 | C6: 0 | D6: 0 | E6: 0 | F6: 1000000 | G6: 1000000 | H6: 1000000 | I6: 1000000 | J6: 0 | K6: 0 | L6: 0 | N6: =SUM(B6:M6) -> 5000000
A7: DAIHATSU | B7: 1000000 | C7: 0 | D7: 0 | E7: 0 | F7: 1000000 | G7: 1000000 | H7: 1000000 | I7: 1000000 | J7: 0 | K7: 0 | L7: 0 | N7: =SUM(B7:M7) -> 5000000
A8: MITSUBISHI | B8: 1000000 | C8: 0 | D8: 0 | E8: 0 | F8: 1000000 | G8: 1000000 | H8: 1000000 | I8: 1000000 | J8: 0 | K8: 0 | L8: 0 | N8: =SUM(B8:M8) -> 5000000
A9: MAZDA | B9: 1000000 | C9: 0 | D9: 0 | E9: 1000000 | F9: 2000000 | G9: 3000000 | H9: 3000000 | I9: 4000000 | J9: 4000000 | K9: 4000000 | L9: 4000000 | M9: 4000000 | N9: =SUM(B9:M9) -> 30000000
A10: TOYOTA | B10: 20000000 | C10: 10000000 | D10: 10000000 | E10: 10000000 | F10: 10000000 | G10: 10000000 | H10: 10000000 | I10: 10000000 | J10: 10000000 | K10: 10000000 | L10: 10000000 | M10: 5000000 | N10: =SUM(B10:M10) -> 125000000
A11: YAMAHA | B11: 5000000 | C11: 1000000 | D11: 1000000 | E11: 3000000 | F11: 5000000 | G11: 5000000 | H11: 5000000 | I11: 5000000 | J11: 5000000 | K11: 5000000 | L11: 5000000 | M11: 5000000 | N11: =SUM(B11:M11) -> 50000000
A12: SMK TBSM HONDA | B12: 0 | C12: 0 | D12: 0 | E12: 2000000 | F12: 46000000 | G12: 47000000 | H12: 45000000 | I12: 45000000 | J12: 48000000 | K12: 6000000 | L12: 5000000 | M12: 6000000 | N12: =SUM(B12:M12) -> 250000000
A13: SMK NON TBSM | B13: 0 | C13: 0 | D13: 0 | E13: 3000000 | F13: 45000000 | G13: 45000000 | H13: 47000000 | I13: 45000000 | J13: 48000000 | K13: 6000000 | L13: 5000000 | M13: 6000000 | N13: =SUM(B13:M13) -> 250000000
A14: TK | B14: 0 | C14: 0 | D14: 0 | E14: 5000000 | F14: 5000000 | G14: 5000000 | H14: 5000000 | I14: 10000000 | J14: 5000000 | K14: 5000000 | L14: 5000000 | M14: 5000000 | N14: =SUM(B14:M14) -> 50000000
A15: UMUM KAMPUS | B15: 1000000 | C15: 1000000 | D15: 1000000 | E15: 5000000 | F15: 5000000 | G15: 5000000 | H15: 5000000 | I15: 5000000 | J15: 5000000 | K15: 5000000 | L15: 5000000 | M15: 7000000 | N15: =SUM(B15:M15) -> 50000000
A16: UMUM COMPANY | B16: 20000000 | C16: 10000000 | D16: 10000000 | E16: 20000000 | F16: 22000000 | G16: 25000000 | H16: 26000000 | I16: 20000000 | J16: 22000000 | K16: 15000000 | L16: 15000000 | M16: 15000000 | N16: =SUM(B16:M16) -> 220000000
A17: UMUM KOMUNITAS | B17: 15000000 | C17: 15000000 | D17: 15000000 | E17: 15000000 | F17: 15000000 | G17: 20000000 | H17: 20000000 | I17: 20000000 | J17: 20000000 | K17: 15000000 | L17: 15000000 | M17: 15000000 | N17: =SUM(B17:M17) -> 200000000
A18: TOTAL | B18: =SUM(B2:B17) -> 100000000 | C18: =SUM(C2:C17) -> 47000000 | D18: =SUM(D2:D17) -> 47000000 | E18: =SUM(E2:E17) -> 87000000 | F18: =SUM(F2:F17) -> 184000000 | G18: =SUM(G2:G17) -> 193000000 | H18: =SUM(H2:H17) -> 193000000 | I18: =SUM(I2:I17) -> 197000000 | ... M18: =SUM(M2:M17) -> 83000000 | N18: =SUM(B18:M18) -> 1500000000
B19: 100000000 | C19: 47000000 | D19: 47000000 | E19: 87000000 | F19: 184000000 | G19: 193000000 | H19: 193000000 | I19: 197000000 | J19: 196000000 | K19: 87000000 | L19: 86000000 | M19: 83000000 | O19: its oke
O20: kan kira-kira aja kan
O21: ngga mungkin data pasti
O22: tak tunggu sampe persis 1,5 M
K23: ini narohnya dimana?
C24: artinya yang table atas di masukin jga ya? | K24: strategii | L24: kan ada slide yg tulisan strategi | M24: nah persis abis itu
C25: iyaa, tabel dulu baru grafik yg bawah
G27: MAS JUMLAHNYA LBEBIHH
G28: cek wa | L28: hah
L29: ngga taiu

Sheet DASHBOARD
B2: Marketing Banua Mitra Lestari Dashboard 2025
C6: Start Date | D6: 46113
C7: End Date | D7: 46142
C9: Sales Revenue | F9: Transaction | I9: QTY Product Terjual
C10: =sum(HELPER!H:H) -> 71550000 | F10: =COUNT(HELPER!F:F) -> 45 | I10: =SUM(HELPER!F:F) -> 797
C15: HONDA MOTOR | F15: WULING | I15: HONDA MOBIL | L15: SUZUKI
C16: =SUMIF(HELPER!$A:$A, DASHBOARD!C15, HELPER!$H:$H) -> 0 | F16: =SUMIF(HELPER!$A:$A, DASHBOARD!F15, HELPER!$H:$H) -> 0 | I16: =SUMIF(HELPER!$A:$A, DASHBOARD!I15, HELPER!$H:$H) -> 0 | L16: =SUMIF(HELPER!$A:$A, DASHBOARD!L15, HELPER!$H:$H) -> 0
Q18: TOP 5
C20: DAIHATSU | F20: MITSUBISHI | I20: MAZDA | L20: TOYOTA
C21: =SUMIF(HELPER!$A:$A, DASHBOARD!C20, HELPER!$H:$H) -> 0 | F21: =SUMIF(HELPER!$A:$A, DASHBOARD!F20, HELPER!$H:$H) -> 0 | I21: =SUMIF(HELPER!$A:$A, DASHBOARD!I20, HELPER!$H:$H) -> 0 | L21: =SUMIF(HELPER!$A:$A, DASHBOARD!L20, HELPER!$H:$H) -> 0
C25: YAMAHA | F25: SMK TBSM HONDA | I25: SMK NON TBSM | L25: TK
C26: =SUMIF(HELPER!$A:$A, DASHBOARD!C25, HELPER!$H:$H) -> 0 | F26: =SUMIF(HELPER!$A:$A, DASHBOARD!F25, HELPER!$H:$H) -> 0 | I26: =SUMIF(HELPER!$A:$A, DASHBOARD!I25, HELPER!$H:$H) -> 0 | L26: =SUMIF(HELPER!$A:$A, DASHBOARD!L25, HELPER!$H:$H) -> 0
C30: UMUM KAMPUS | F30: UMUM COMPANY | I30: UMUM KOMUNITAS | L30: KOSONG
C31: =SUMIF(HELPER!$A:$A, DASHBOARD!C30, HELPER!$H:$H) -> 0 | F31: =SUMIF(HELPER!$A:$A, DASHBOARD!F30, HELPER!$H:$H) -> 0 | I31: =SUMIF(HELPER!$A:$A, DASHBOARD!I30, HELPER!$H:$H) -> 0 | L31: =SUMIF(HELPER!$A:$A, DASHBOARD!L30, HELPER!$H:$H) -> 0
M40: CATEGORY PROPORTION | R40: TOP CATEGORY PROPORTION
M41: SMK NON TBSM | N41: =I26 -> 0 | O41: =N41/C10 -> 0 | P41: =IFERROR(__xludf.DUMMYFUNCTION("SPARKLINE(O41, {""Charttype"",""Bar""; ""Max"",1; ""Color1"", ""#c2795a""}) "),"") | R41: =IFERROR(__xludf.DUMMYFUNCTION("SORTN(M41:O56,16,,2,false)"),"SMK NON TBSM") -> SMK NON TBSM | S41: =IFERROR(__xludf.DUMMYFUNCTION("""COMPUTED_VALUE"""),0.0) -> 0 | T41: =IFERROR(__xludf.DUMMYFUNCTION("""COMPUTED_VALUE"""),0.0) -> 0 | U41: =IFERROR(__xludf.DUMMYFUNCTION("SPARKLINE(T41, {""Charttype"",""Bar""; ""Max"",1; ""Color1"", ""#c2795a""}) "),"")
M42: UMUM KOMUNITAS | N42: =I31 -> 0 | O42: =N42/C10 -> 0 | P42: =IFERROR(__xludf.DUMMYFUNCTION("SPARKLINE(O42, {""Charttype"",""Bar""; ""Max"",1; ""Color1"", ""#c2795a""}) "),"") | R42: =IFERROR(__xludf.DUMMYFUNCTION("""COMPUTED_VALUE"""),"UMUM KOMUNITAS") -> UMUM KOMUNITAS | S42: =IFERROR(__xludf.DUMMYFUNCTION("""COMPUTED_VALUE"""),0.0) -> 0 | T42: =IFERROR(__xludf.DUMMYFUNCTION("""COMPUTED_VALUE"""),0.0) -> 0 | U42: =IFERROR(__xludf.DUMMYFUNCTION("SPARKLINE(T42, {""Charttype"",""Bar""; ""Max"",1; ""Color1"", ""#c2795a""}) "),"")
M43: HONDA MOTOR | N43: =C16 -> 0 | O43: =N43/C10 -> 0 | P43: =IFERROR(__xludf.DUMMYFUNCTION("SPARKLINE(O43, {""Charttype"",""Bar""; ""Max"",1; ""Color1"", ""#c2795a""}) "),"") | R43: =IFERROR(__xludf.DUMMYFUNCTION("""COMPUTED_VALUE"""),"HONDA MOTOR") -> HONDA MOTOR | S43: =IFERROR(__xludf.DUMMYFUNCTION("""COMPUTED_VALUE"""),0.0) -> 0 | T43: =IFERROR(__xludf.DUMMYFUNCTION("""COMPUTED_VALUE"""),0.0) -> 0 | U43: =IFERROR(__xludf.DUMMYFUNCTION("SPARKLINE(T43, {""Charttype"",""Bar""; ""Max"",1; ""Color1"", ""#c2795a""}) "),"")
M44: UMUM CAMPANY | N44: =F31 -> 0 | O44: =N44/C10 -> 0 | P44: =IFERROR(__xludf.DUMMYFUNCTION("SPARKLINE(O44, {""Charttype"",""Bar""; ""Max"",1; ""Color1"", ""#c2795a""}) "),"") | R44: =IFERROR(__xludf.DUMMYFUNCTION("""COMPUTED_VALUE"""),"UMUM CAMPANY") -> UMUM CAMPANY | S44: =IFERROR(__xludf.DUMMYFUNCTION("""COMPUTED_VALUE"""),0.0) -> 0 | T44: =IFERROR(__xludf.DUMMYFUNCTION("""COMPUTED_VALUE"""),0.0) -> 0 | U44: =IFERROR(__xludf.DUMMYFUNCTION("SPARKLINE(T44, {""Charttype"",""Bar""; ""Max"",1; ""Color1"", ""#c2795a""}) "),"")
M45: TOYOTA | N45: =L21 -> 0 | O45: =N45/C10 -> 0 | P45: =IFERROR(__xludf.DUMMYFUNCTION("SPARKLINE(O45, {""Charttype"",""Bar""; ""Max"",1; ""Color1"", ""#c2795a""}) "),"") | R45: =IFERROR(__xludf.DUMMYFUNCTION("""COMPUTED_VALUE"""),"TOYOTA") -> TOYOTA | S45: =IFERROR(__xludf.DUMMYFUNCTION("""COMPUTED_VALUE"""),0.0) -> 0 | T45: =IFERROR(__xludf.DUMMYFUNCTION("""COMPUTED_VALUE"""),0.0) -> 0 | U45: =IFERROR(__xludf.DUMMYFUNCTION("SPARKLINE(T45, {""Charttype"",""Bar""; ""Max"",1; ""Color1"", ""#c2795a""}) "),"")
M46: YAMAHA | N46: =C26 -> 0 | O46: =N46/C10 -> 0 | P46: =IFERROR(__xludf.DUMMYFUNCTION("SPARKLINE(O46, {""Charttype"",""Bar""; ""Max"",1; ""Color1"", ""#c2795a""}) "),"") | R46: =IFERROR(__xludf.DUMMYFUNCTION("""COMPUTED_VALUE"""),"YAMAHA") -> YAMAHA | S46: =IFERROR(__xludf.DUMMYFUNCTION("""COMPUTED_VALUE"""),0.0) -> 0 | T46: =IFERROR(__xludf.DUMMYFUNCTION("""COMPUTED_VALUE"""),0.0) -> 0 | U46: =IFERROR(__xludf.DUMMYFUNCTION("SPARKLINE(T46, {""Charttype"",""Bar""; ""Max"",1; ""Color1"", ""#c2795a""}) "),"")
M47: SUZUKI | N47: =L16 -> 0 | O47: =N47/C10 -> 0 | P47: =IFERROR(__xludf.DUMMYFUNCTION("SPARKLINE(O47, {""Charttype"",""Bar""; ""Max"",1; ""Color1"", ""#c2795a""}) "),"") | R47: =IFERROR(__xludf.DUMMYFUNCTION("""COMPUTED_VALUE"""),"SUZUKI") -> SUZUKI | S47: =IFERROR(__xludf.DUMMYFUNCTION("""COMPUTED_VALUE"""),0.0) -> 0 | T47: =IFERROR(__xludf.DUMMYFUNCTION("""COMPUTED_VALUE"""),0.0) -> 0 | U47: =IFERROR(__xludf.DUMMYFUNCTION("SPARKLINE(T47, {""Charttype"",""Bar""; ""Max"",1; ""Color1"", ""#c2795a""}) "),"")
M48: HONDA MOBIL | N48: =I16 -> 0 | O48: =N48/C10 -> 0 | P48: =IFERROR(__xludf.DUMMYFUNCTION("SPARKLINE(O48, {""Charttype"",""Bar""; ""Max"",1; ""Color1"", ""#c2795a""}) "),"") | R48: =IFERROR(__xludf.DUMMYFUNCTION("""COMPUTED_VALUE"""),"HONDA MOBIL ") -> HONDA MOBIL | S48: =IFERROR(__xludf.DUMMYFUNCTION("""COMPUTED_VALUE"""),0.0) -> 0 | T48: =IFERROR(__xludf.DUMMYFUNCTION("""COMPUTED_VALUE"""),0.0) -> 0 | U48: =IFERROR(__xludf.DUMMYFUNCTION("SPARKLINE(T48, {""Charttype"",""Bar""; ""Max"",1; ""Color1"", ""#c2795a""}) "),"")
M49: MITSUBISI | N49: =F21 -> 0 | O49: =N49/C10 -> 0 | P49: =IFERROR(__xludf.DUMMYFUNCTION("SPARKLINE(O49, {""Charttype"",""Bar""; ""Max"",1; ""Color1"", ""#c2795a""}) "),"") | R49: =IFERROR(__xludf.DUMMYFUNCTION("""COMPUTED_VALUE"""),"MITSUBISI") -> MITSUBISI | S49: =IFERROR(__xludf.DUMMYFUNCTION("""COMPUTED_VALUE"""),0.0) -> 0 | T49: =IFERROR(__xludf.DUMMYFUNCTION("""COMPUTED_VALUE"""),0.0) -> 0 | U49: =IFERROR(__xludf.DUMMYFUNCTION("SPARKLINE(T49, {""Charttype"",""Bar""; ""Max"",1; ""Color1"", ""#c2795a""}) "),"")
M50: WULING | N50: =F16 -> 0 | O50: =N50/C10 -> 0 | P50: =IFERROR(__xludf.DUMMYFUNCTION("SPARKLINE(O50, {""Charttype"",""Bar""; ""Max"",1; ""Color1"", ""#c2795a""}) "),"") | R50: =IFERROR(__xludf.DUMMYFUNCTION("""COMPUTED_VALUE"""),"WULING") -> WULING | S50: =IFERROR(__xludf.DUMMYFUNCTION("""COMPUTED_VALUE"""),0.0) -> 0 | T50: =IFERROR(__xludf.DUMMYFUNCTION("""COMPUTED_VALUE"""),0.0) -> 0 | U50: =IFERROR(__xludf.DUMMYFUNCTION("SPARKLINE(T50, {""Charttype"",""Bar""; ""Max"",1; ""Color1"", ""#c2795a""}) "),"")
M51: DAIHATSU | N51: =C21 -> 0 | O51: =N51/C10 -> 0 | P51: =IFERROR(__xludf.DUMMYFUNCTION("SPARKLINE(O51, {""Charttype"",""Bar""; ""Max"",1; ""Color1"", ""#c2795a""}) "),"") | R51: =IFERROR(__xludf.DUMMYFUNCTION("""COMPUTED_VALUE"""),"DAIHATSU") -> DAIHATSU | S51: =IFERROR(__xludf.DUMMYFUNCTION("""COMPUTED_VALUE"""),0.0) -> 0 | T51: =IFERROR(__xludf.DUMMYFUNCTION("""COMPUTED_VALUE"""),0.0) -> 0 | U51: =IFERROR(__xludf.DUMMYFUNCTION("SPARKLINE(T51, {""Charttype"",""Bar""; ""Max"",1; ""Color1"", ""#c2795a""}) "),"")
M52: MAZDA | N52: =I21 -> 0 | O52: =N52/C10 -> 0 | P52: =IFERROR(__xludf.DUMMYFUNCTION("SPARKLINE(O52, {""Charttype"",""Bar""; ""Max"",1; ""Color1"", ""#c2795a""}) "),"") | R52: =IFERROR(__xludf.DUMMYFUNCTION("""COMPUTED_VALUE"""),"MAZDA") -> MAZDA | S52: =IFERROR(__xludf.DUMMYFUNCTION("""COMPUTED_VALUE"""),0.0) -> 0 | T52: =IFERROR(__xludf.DUMMYFUNCTION("""COMPUTED_VALUE"""),0.0) -> 0 | U52: =IFERROR(__xludf.DUMMYFUNCTION("SPARKLINE(T52, {""Charttype"",""Bar""; ""Max"",1; ""Color1"", ""#c2795a""}) "),"")
M53: SMK TBSM HONDA | N53: =F26 -> 0 | O53: =N53/C10 -> 0 | R53: =IFERROR(__xludf.DUMMYFUNCTION("""COMPUTED_VALUE"""),"SMK TBSM HONDA") -> SMK TBSM HONDA | S53: =IFERROR(__xludf.DUMMYFUNCTION("""COMPUTED_VALUE"""),0.0) -> 0 | T53: =IFERROR(__xludf.DUMMYFUNCTION("""COMPUTED_VALUE"""),0.0) -> 0 | U53: =IFERROR(__xludf.DUMMYFUNCTION("SPARKLINE(T53, {""Charttype"",""Bar""; ""Max"",1; ""Color1"", ""#c2795a""}) "),"")
M54: TK | N54: =L26 -> 0 | O54: =N54/C10 -> 0 | R54: =IFERROR(__xludf.DUMMYFUNCTION("""COMPUTED_VALUE"""),"TK") -> TK | S54: =IFERROR(__xludf.DUMMYFUNCTION("""COMPUTED_VALUE"""),0.0) -> 0 | T54: =IFERROR(__xludf.DUMMYFUNCTION("""COMPUTED_VALUE"""),0.0) -> 0 | U54: =IFERROR(__xludf.DUMMYFUNCTION("SPARKLINE(T54, {""Charttype"",""Bar""; ""Max"",1; ""Color1"", ""#c2795a""}) "),"")
M55: UMUM KAMPUS | N55: =C31 -> 0 | O55: =N55/C10 -> 0 | R55: =IFERROR(__xludf.DUMMYFUNCTION("""COMPUTED_VALUE"""),"UMUM KAMPUS") -> UMUM KAMPUS | S55: =IFERROR(__xludf.DUMMYFUNCTION("""COMPUTED_VALUE"""),0.0) -> 0 | T55: =IFERROR(__xludf.DUMMYFUNCTION("""COMPUTED_VALUE"""),0.0) -> 0 | U55: =IFERROR(__xludf.DUMMYFUNCTION("SPARKLINE(T55, {""Charttype"",""Bar""; ""Max"",1; ""Color1"", ""#c2795a""}) "),"")
M56: KOSONG | N56: =L31 -> 0 | O56: =N56/C10 -> 0 | R56: =IFERROR(__xludf.DUMMYFUNCTION("""COMPUTED_VALUE"""),"KOSONG") -> KOSONG | S56: =IFERROR(__xludf.DUMMYFUNCTION("""COMPUTED_VALUE"""),0.0) -> 0 | T56: =IFERROR(__xludf.DUMMYFUNCTION("""COMPUTED_VALUE"""),0.0) -> 0 | U56: =IFERROR(__xludf.DUMMYFUNCTION("SPARKLINE(T56, {""Charttype"",""Bar""; ""Max"",1; ""Color1"", ""#c2795a""}) "),"")

Sheet HELPER
A1: IITEM CODE | B1: INSTANSI | C1: CUSTOMER | D1: DATE | E1: PRODUCT | F1: QTY | G1: PRICE | H1: TOTAL PRICE | I1: Column 9 | J1: Column 10 | K1: Column 12 | L1: Column 13 | M1: Column 14 | N1: Column 15 | O1: Column 16 | P1: Column 17
A2: =IFERROR(__xludf.DUMMYFUNCTION("FILTER(Table1,Table1[DATE]>=DASHBOARD!D6,Table1[DATE]<=DASHBOARD!D7)"),"") | C2: =IFERROR(__xludf.DUMMYFUNCTION("""COMPUTED_VALUE"""),"Pak Brili Agung") -> Pak Brili Agung | D2: =IFERROR(__xludf.DUMMYFUNCTION("""COMPUTED_VALUE"""),46113.0) -> 46113 | E2: =IFERROR(__xludf.DUMMYFUNCTION("""COMPUTED_VALUE"""),"Kaos Polo Biru Muda") -> Kaos Polo Biru Muda | F2: =IFERROR(__xludf.DUMMYFUNCTION("""COMPUTED_VALUE"""),38.0) -> 38 | G2: =IFERROR(__xludf.DUMMYFUNCTION("""COMPUTED_VALUE"""),79000.0) -> 79000 | H2: =IFERROR(__xludf.DUMMYFUNCTION("""COMPUTED_VALUE"""),3002000.0) -> 3002000 | I2: =IFERROR(__xludf.DUMMYFUNCTION("""COMPUTED_VALUE"""),1.094E7) -> 10940000
C3: =IFERROR(__xludf.DUMMYFUNCTION("""COMPUTED_VALUE"""),"Pak Brili Agung") -> Pak Brili Agung | D3: =IFERROR(__xludf.DUMMYFUNCTION("""COMPUTED_VALUE"""),46113.0) -> 46113 | E3: =IFERROR(__xludf.DUMMYFUNCTION("""COMPUTED_VALUE"""),"Kaos Polo Biru Muda") -> Kaos Polo Biru Muda | F3: =IFERROR(__xludf.DUMMYFUNCTION("""COMPUTED_VALUE"""),2.0) -> 2 | G3: =IFERROR(__xludf.DUMMYFUNCTION("""COMPUTED_VALUE"""),89000.0) -> 89000 | H3: =IFERROR(__xludf.DUMMYFUNCTION("""COMPUTED_VALUE"""),178000.0) -> 178000
C4: =IFERROR(__xludf.DUMMYFUNCTION("""COMPUTED_VALUE"""),"Pak Brili Agung") -> Pak Brili Agung | D4: =IFERROR(__xludf.DUMMYFUNCTION("""COMPUTED_VALUE"""),46113.0) -> 46113 | E4: =IFERROR(__xludf.DUMMYFUNCTION("""COMPUTED_VALUE"""),"Kaos Polo Biru Navy") -> Kaos Polo Biru Navy | F4: =IFERROR(__xludf.DUMMYFUNCTION("""COMPUTED_VALUE"""),38.0) -> 38 | G4: =IFERROR(__xludf.DUMMYFUNCTION("""COMPUTED_VALUE"""),79000.0) -> 79000 | H4: =IFERROR(__xludf.DUMMYFUNCTION("""COMPUTED_VALUE"""),3002000.0) -> 3002000 | K4: {=UNIQUE(A:A)} -> IITEM CODE | L4: Product | O4: Instansi | P4: Sales
C5: =IFERROR(__xludf.DUMMYFUNCTION("""COMPUTED_VALUE"""),"Pak Brili Agung") -> Pak Brili Agung | D5: =IFERROR(__xludf.DUMMYFUNCTION("""COMPUTED_VALUE"""),46113.0) -> 46113 | E5: =IFERROR(__xludf.DUMMYFUNCTION("""COMPUTED_VALUE"""),"Kaos Polo Biru Navy") -> Kaos Polo Biru Navy | F5: =IFERROR(__xludf.DUMMYFUNCTION("""COMPUTED_VALUE"""),2.0) -> 2 | G5: =IFERROR(__xludf.DUMMYFUNCTION("""COMPUTED_VALUE"""),89000.0) -> 89000 | H5: =IFERROR(__xludf.DUMMYFUNCTION("""COMPUTED_VALUE"""),178000.0) -> 178000 | J5: =IFERROR(__xludf.DUMMYFUNCTION("""COMPUTED_VALUE""")," ") | L5: Seragam PDH Custom | M5: =SUMIFS(H2:H45,E2:E45,L5) -> 0 | O5: =IFERROR(__xludf.DUMMYFUNCTION("SORTN(K40:L71,5,,2,0)"),"Seragam Mekanik Honda") -> Seragam Mekanik Honda | P5: =IFERROR(__xludf.DUMMYFUNCTION("""COMPUTED_VALUE"""),450000.0) -> 450000
C6: =IFERROR(__xludf.DUMMYFUNCTION("""COMPUTED_VALUE"""),"Pak Brili Agung") -> Pak Brili Agung | D6: =IFERROR(__xludf.DUMMYFUNCTION("""COMPUTED_VALUE"""),46113.0) -> 46113 | E6: =IFERROR(__xludf.DUMMYFUNCTION("""COMPUTED_VALUE"""),"Kaos Polo Cream") -> Kaos Polo Cream | F6: =IFERROR(__xludf.DUMMYFUNCTION("""COMPUTED_VALUE"""),38.0) -> 38 | G6: =IFERROR(__xludf.DUMMYFUNCTION("""COMPUTED_VALUE"""),79000.0) -> 79000 | H6: =IFERROR(__xludf.DUMMYFUNCTION("""COMPUTED_VALUE"""),3002000.0) -> 3002000 | L6: Honda Mekanik 1 set | M6: =SUMIFS(H3:H46,E3:E46,L6) -> 0 | O6: =IFERROR(__xludf.DUMMYFUNCTION("""COMPUTED_VALUE"""),"Wearpack Mitsubitshi") -> Wearpack Mitsubitshi | P6: =IFERROR(__xludf.DUMMYFUNCTION("""COMPUTED_VALUE"""),440000.0) -> 440000
C7: =IFERROR(__xludf.DUMMYFUNCTION("""COMPUTED_VALUE"""),"Pak Brili Agung") -> Pak Brili Agung | D7: =IFERROR(__xludf.DUMMYFUNCTION("""COMPUTED_VALUE"""),46113.0) -> 46113 | E7: =IFERROR(__xludf.DUMMYFUNCTION("""COMPUTED_VALUE"""),"Kaos Polo Cream") -> Kaos Polo Cream | F7: =IFERROR(__xludf.DUMMYFUNCTION("""COMPUTED_VALUE"""),2.0) -> 2 | G7: =IFERROR(__xludf.DUMMYFUNCTION("""COMPUTED_VALUE"""),89000.0) -> 89000 | H7: =IFERROR(__xludf.DUMMYFUNCTION("""COMPUTED_VALUE"""),178000.0) -> 178000 | L7: Toyota tanpa bordir | M7: =SUMIFS(H4:H47,E4:E47,L7) -> 0 | O7: =IFERROR(__xludf.DUMMYFUNCTION("""COMPUTED_VALUE"""),"Seragam PDH Custom") -> Seragam PDH Custom | P7: =IFERROR(__xludf.DUMMYFUNCTION("""COMPUTED_VALUE"""),0.0) -> 0
C8: =IFERROR(__xludf.DUMMYFUNCTION("""COMPUTED_VALUE"""),"Pak Brili Agung") -> Pak Brili Agung | D8: =IFERROR(__xludf.DUMMYFUNCTION("""COMPUTED_VALUE"""),46113.0) -> 46113 | E8: =IFERROR(__xludf.DUMMYFUNCTION("""COMPUTED_VALUE"""),"Apron") -> Apron | F8: =IFERROR(__xludf.DUMMYFUNCTION("""COMPUTED_VALUE"""),40.0) -> 40 | G8: =IFERROR(__xludf.DUMMYFUNCTION("""COMPUTED_VALUE"""),35000.0) -> 35000 | H8: =IFERROR(__xludf.DUMMYFUNCTION("""COMPUTED_VALUE"""),1400000.0) -> 1400000 | L8: Seragam PDH | M8: =SUMIFS(H5:H48,E5:E48,L8) -> 0 | O8: =IFERROR(__xludf.DUMMYFUNCTION("""COMPUTED_VALUE"""),"Honda Mekanik 1 set") -> Honda Mekanik 1 set | P8: =IFERROR(__xludf.DUMMYFUNCTION("""COMPUTED_VALUE"""),0.0) -> 0
C9: =IFERROR(__xludf.DUMMYFUNCTION("""COMPUTED_VALUE"""),"Ibu Sarmauli") -> Ibu Sarmauli | D9: =IFERROR(__xludf.DUMMYFUNCTION("""COMPUTED_VALUE"""),46114.0) -> 46114 | E9: =IFERROR(__xludf.DUMMYFUNCTION("""COMPUTED_VALUE"""),"Celemek SPPG Kecil") -> Celemek SPPG Kecil | F9: =IFERROR(__xludf.DUMMYFUNCTION("""COMPUTED_VALUE"""),179.0) -> 179 | G9: =IFERROR(__xludf.DUMMYFUNCTION("""COMPUTED_VALUE"""),27000.0) -> 27000 | H9: =IFERROR(__xludf.DUMMYFUNCTION("""COMPUTED_VALUE"""),4833000.0) -> 4833000 | I9: =IFERROR(__xludf.DUMMYFUNCTION("""COMPUTED_VALUE"""),4833000.0) -> 4833000 | L9: Kaos Lapangan | M9: =SUMIFS(H6:H49,E6:E49,L9) -> 0 | O9: =IFERROR(__xludf.DUMMYFUNCTION("""COMPUTED_VALUE"""),"Toyota tanpa bordir") -> Toyota tanpa bordir | P9: =IFERROR(__xludf.DUMMYFUNCTION("""COMPUTED_VALUE"""),0.0) -> 0
C10: =IFERROR(__xludf.DUMMYFUNCTION("""COMPUTED_VALUE"""),"Pak Abdul") -> Pak Abdul | D10: =IFERROR(__xludf.DUMMYFUNCTION("""COMPUTED_VALUE"""),46118.0) -> 46118 | E10: =IFERROR(__xludf.DUMMYFUNCTION("""COMPUTED_VALUE"""),"Seragam Mekanik 1 Set") -> Seragam Mekanik 1 Set | F10: =IFERROR(__xludf.DUMMYFUNCTION("""COMPUTED_VALUE"""),4.0) -> 4 | G10: =IFERROR(__xludf.DUMMYFUNCTION("""COMPUTED_VALUE"""),250000.0) -> 250000 | H10: =IFERROR(__xludf.DUMMYFUNCTION("""COMPUTED_VALUE"""),1000000.0) -> 1000000 | L10: wearpacknya Custom | M10: =SUMIFS(H7:H50,E7:E50,L10) -> 0
C11: =IFERROR(__xludf.DUMMYFUNCTION("""COMPUTED_VALUE"""),"Pak Abdul") -> Pak Abdul | D11: =IFERROR(__xludf.DUMMYFUNCTION("""COMPUTED_VALUE"""),46118.0) -> 46118 | E11: =IFERROR(__xludf.DUMMYFUNCTION("""COMPUTED_VALUE"""),"Seragam Mekanik 1 Set") -> Seragam Mekanik 1 Set | F11: =IFERROR(__xludf.DUMMYFUNCTION("""COMPUTED_VALUE"""),1.0) -> 1 | G11: =IFERROR(__xludf.DUMMYFUNCTION("""COMPUTED_VALUE"""),260000.0) -> 260000 | H11: =IFERROR(__xludf.DUMMYFUNCTION("""COMPUTED_VALUE"""),260000.0) -> 260000 | L11: Seragam Mekanik Honda Mobil 1 Set | M11: =SUMIFS(H8:H51,E8:E51,L11) -> 0
C12: =IFERROR(__xludf.DUMMYFUNCTION("""COMPUTED_VALUE"""),"Pak Abdul") -> Pak Abdul | D12: =IFERROR(__xludf.DUMMYFUNCTION("""COMPUTED_VALUE"""),46118.0) -> 46118 | E12: =IFERROR(__xludf.DUMMYFUNCTION("""COMPUTED_VALUE"""),"Seragam Mekanik 1 Set") -> Seragam Mekanik 1 Set | F12: =IFERROR(__xludf.DUMMYFUNCTION("""COMPUTED_VALUE"""),1.0) -> 1 | G12: =IFERROR(__xludf.DUMMYFUNCTION("""COMPUTED_VALUE"""),270000.0) -> 270000 | H12: =IFERROR(__xludf.DUMMYFUNCTION("""COMPUTED_VALUE"""),270000.0) -> 270000 | I12: =IFERROR(__xludf.DUMMYFUNCTION("""COMPUTED_VALUE"""),1530000.0) -> 1530000 | L12: Seragam Mekanik set + Bordir Nama Dealer | M12: =SUMIFS(H9:H52,E9:E52,L12) -> 0
C13: =IFERROR(__xludf.DUMMYFUNCTION("""COMPUTED_VALUE""")," PT Anugerah Kasih Putera (AKSP)") -> PT Anugerah Kasih Putera (AKSP) | D13: =IFERROR(__xludf.DUMMYFUNCTION("""COMPUTED_VALUE"""),46119.0) -> 46119 | E13: =IFERROR(__xludf.DUMMYFUNCTION("""COMPUTED_VALUE"""),"Seragam Honda (Teknisi, Foreman, Cuci)") -> Seragam Honda (Teknisi, Foreman, Cuci) | F13: =IFERROR(__xludf.DUMMYFUNCTION("""COMPUTED_VALUE"""),36.0) -> 36 | G13: =IFERROR(__xludf.DUMMYFUNCTION("""COMPUTED_VALUE"""),110000.0) -> 110000 | H13: =IFERROR(__xludf.DUMMYFUNCTION("""COMPUTED_VALUE"""),3960000.0) -> 3960000 | L13: Seragam Staff Bengkel + Bordir Nama Dealer | M13: =SUMIFS(H10:H53,E10:E53,L13) -> 0
C14: =IFERROR(__xludf.DUMMYFUNCTION("""COMPUTED_VALUE""")," PT Anugerah Kasih Putera (AKSP)") -> PT Anugerah Kasih Putera (AKSP) | D14: =IFERROR(__xludf.DUMMYFUNCTION("""COMPUTED_VALUE"""),46119.0) -> 46119 | E14: =IFERROR(__xludf.DUMMYFUNCTION("""COMPUTED_VALUE"""),"Seragam Honda (Teknisi, Foreman, Cuci)") -> Seragam Honda (Teknisi, Foreman, Cuci) | F14: =IFERROR(__xludf.DUMMYFUNCTION("""COMPUTED_VALUE"""),3.0) -> 3 | G14: =IFERROR(__xludf.DUMMYFUNCTION("""COMPUTED_VALUE"""),120000.0) -> 120000 | H14: =IFERROR(__xludf.DUMMYFUNCTION("""COMPUTED_VALUE"""),360000.0) -> 360000 | L14: Seragam PDI Set + Bordir Nama Dealer | M14: =SUMIFS(H11:H54,E11:E54,L14) -> 0
C15: =IFERROR(__xludf.DUMMYFUNCTION("""COMPUTED_VALUE""")," PT Anugerah Kasih Putera (AKSP)") -> PT Anugerah Kasih Putera (AKSP) | D15: =IFERROR(__xludf.DUMMYFUNCTION("""COMPUTED_VALUE"""),46119.0) -> 46119 | E15: =IFERROR(__xludf.DUMMYFUNCTION("""COMPUTED_VALUE"""),"Seragam Honda (Teknisi, Foreman, Cuci)") -> Seragam Honda (Teknisi, Foreman, Cuci) | F15: =IFERROR(__xludf.DUMMYFUNCTION("""COMPUTED_VALUE"""),1.0) -> 1 | G15: =IFERROR(__xludf.DUMMYFUNCTION("""COMPUTED_VALUE"""),130000.0) -> 130000 | H15: =IFERROR(__xludf.DUMMYFUNCTION("""COMPUTED_VALUE"""),130000.0) -> 130000 | L15: Seragam Counter + Bordir Nama Dealer | M15: =SUMIFS(H12:H55,E12:E55,L15) -> 0
C16: =IFERROR(__xludf.DUMMYFUNCTION("""COMPUTED_VALUE"""),"PT Anugerah Kasih Putera (Bantul)") -> PT Anugerah Kasih Putera (Bantul) | D16: =IFERROR(__xludf.DUMMYFUNCTION("""COMPUTED_VALUE"""),46119.0) -> 46119 | E16: =IFERROR(__xludf.DUMMYFUNCTION("""COMPUTED_VALUE"""),"Seragam Honda (Teknisi)") -> Seragam Honda (Teknisi) | F16: =IFERROR(__xludf.DUMMYFUNCTION("""COMPUTED_VALUE"""),12.0) -> 12 | G16: =IFERROR(__xludf.DUMMYFUNCTION("""COMPUTED_VALUE"""),110000.0) -> 110000 | H16: =IFERROR(__xludf.DUMMYFUNCTION("""COMPUTED_VALUE"""),1320000.0) -> 1320000 | I16: =IFERROR(__xludf.DUMMYFUNCTION("""COMPUTED_VALUE"""),5890000.0) -> 5890000 | L16: Seragam Driver | M16: =SUMIFS(H13:H56,E13:E56,L16) -> 0
C17: =IFERROR(__xludf.DUMMYFUNCTION("""COMPUTED_VALUE"""),"PT Anugerah Kasih Putera (Bantul)") -> PT Anugerah Kasih Putera (Bantul) | D17: =IFERROR(__xludf.DUMMYFUNCTION("""COMPUTED_VALUE"""),46119.0) -> 46119 | E17: =IFERROR(__xludf.DUMMYFUNCTION("""COMPUTED_VALUE"""),"Seragam Honda (Teknisi)") -> Seragam Honda (Teknisi) | F17: =IFERROR(__xludf.DUMMYFUNCTION("""COMPUTED_VALUE"""),1.0) -> 1 | G17: =IFERROR(__xludf.DUMMYFUNCTION("""COMPUTED_VALUE"""),120000.0) -> 120000 | H17: =IFERROR(__xludf.DUMMYFUNCTION("""COMPUTED_VALUE"""),120000.0) -> 120000 | L17: Seragam PDH Custom | M17: =SUMIFS(H14:H57,E14:E57,L17) -> 0
C18: =IFERROR(__xludf.DUMMYFUNCTION("""COMPUTED_VALUE"""),"Ibu Sarmauli") -> Ibu Sarmauli | D18: =IFERROR(__xludf.DUMMYFUNCTION("""COMPUTED_VALUE"""),46125.0) -> 46125 | E18: =IFERROR(__xludf.DUMMYFUNCTION("""COMPUTED_VALUE"""),"Kaos Polo SPPG") -> Kaos Polo SPPG | F18: =IFERROR(__xludf.DUMMYFUNCTION("""COMPUTED_VALUE"""),54.0) -> 54 | G18: =IFERROR(__xludf.DUMMYFUNCTION("""COMPUTED_VALUE"""),67000.0) -> 67000 | H18: =IFERROR(__xludf.DUMMYFUNCTION("""COMPUTED_VALUE"""),3618000.0) -> 3618000 | I18: =IFERROR(__xludf.DUMMYFUNCTION("""COMPUTED_VALUE"""),1.4022E7) -> 14022000 | L18: wearpacknya Custom | M18: =SUMIFS(H15:H58,E15:E58,L18) -> 0
C19: =IFERROR(__xludf.DUMMYFUNCTION("""COMPUTED_VALUE"""),"Ibu Sarmauli") -> Ibu Sarmauli | D19: =IFERROR(__xludf.DUMMYFUNCTION("""COMPUTED_VALUE"""),46125.0) -> 46125 | E19: =IFERROR(__xludf.DUMMYFUNCTION("""COMPUTED_VALUE"""),"Kaos Polo SPPG") -> Kaos Polo SPPG | F19: =IFERROR(__xludf.DUMMYFUNCTION("""COMPUTED_VALUE"""),18.0) -> 18 | G19: =IFERROR(__xludf.DUMMYFUNCTION("""COMPUTED_VALUE"""),72000.0) -> 72000 | H19: =IFERROR(__xludf.DUMMYFUNCTION("""COMPUTED_VALUE"""),1296000.0) -> 1296000 | L19: Seragam Mekanik Honda 1 set | M19: =SUMIFS(H16:H59,E16:E59,L19) -> 0
C20: =IFERROR(__xludf.DUMMYFUNCTION("""COMPUTED_VALUE"""),"Ibu Sarmauli") -> Ibu Sarmauli | D20: =IFERROR(__xludf.DUMMYFUNCTION("""COMPUTED_VALUE"""),46125.0) -> 46125 | E20: =IFERROR(__xludf.DUMMYFUNCTION("""COMPUTED_VALUE"""),"Kaos Polo SPPG") -> Kaos Polo SPPG | F20: =IFERROR(__xludf.DUMMYFUNCTION("""COMPUTED_VALUE"""),72.0) -> 72 | G20: =IFERROR(__xludf.DUMMYFUNCTION("""COMPUTED_VALUE"""),77000.0) -> 77000 | H20: =IFERROR(__xludf.DUMMYFUNCTION("""COMPUTED_VALUE"""),5544000.0) -> 5544000 | L20: Topi | M20: =SUMIFS(H17:H60,E17:E60,L20) -> 0
C21: =IFERROR(__xludf.DUMMYFUNCTION("""COMPUTED_VALUE"""),"Ibu Sarmauli") -> Ibu Sarmauli | D21: =IFERROR(__xludf.DUMMYFUNCTION("""COMPUTED_VALUE"""),46125.0) -> 46125 | E21: =IFERROR(__xludf.DUMMYFUNCTION("""COMPUTED_VALUE"""),"Kaos Polo SPPG") -> Kaos Polo SPPG | F21: =IFERROR(__xludf.DUMMYFUNCTION("""COMPUTED_VALUE"""),24.0) -> 24 | G21: =IFERROR(__xludf.DUMMYFUNCTION("""COMPUTED_VALUE"""),87000.0) -> 87000 | H21: =IFERROR(__xludf.DUMMYFUNCTION("""COMPUTED_VALUE"""),2088000.0) -> 2088000 | L21: Apron | M21: =SUMIFS(H18:H61,E18:E61,L21) -> 0
C22: =IFERROR(__xludf.DUMMYFUNCTION("""COMPUTED_VALUE"""),"Ibu Sarmauli") -> Ibu Sarmauli | D22: =IFERROR(__xludf.DUMMYFUNCTION("""COMPUTED_VALUE"""),46125.0) -> 46125 | E22: =IFERROR(__xludf.DUMMYFUNCTION("""COMPUTED_VALUE"""),"Kaos Polo SPPG") -> Kaos Polo SPPG | F22: =IFERROR(__xludf.DUMMYFUNCTION("""COMPUTED_VALUE"""),18.0) -> 18 | G22: =IFERROR(__xludf.DUMMYFUNCTION("""COMPUTED_VALUE"""),82000.0) -> 82000 | H22: =IFERROR(__xludf.DUMMYFUNCTION("""COMPUTED_VALUE"""),1476000.0) -> 1476000 | L22: Wearpack Toyota | M22: =SUMIFS(H19:H62,E19:E62,L22) -> 0
C23: =IFERROR(__xludf.DUMMYFUNCTION("""COMPUTED_VALUE""")," Pak Shidqi") -> Pak Shidqi | D23: =IFERROR(__xludf.DUMMYFUNCTION("""COMPUTED_VALUE"""),46128.0) -> 46128 | E23: =IFERROR(__xludf.DUMMYFUNCTION("""COMPUTED_VALUE"""),"Wearpack") -> Wearpack | F23: =IFERROR(__xludf.DUMMYFUNCTION("""COMPUTED_VALUE"""),3.0) -> 3 | G23: =IFERROR(__xludf.DUMMYFUNCTION("""COMPUTED_VALUE"""),280000.0) -> 280000 | H23: =IFERROR(__xludf.DUMMYFUNCTION("""COMPUTED_VALUE"""),840000.0) -> 840000 | I23: =IFERROR(__xludf.DUMMYFUNCTION("""COMPUTED_VALUE"""),1.534E7) -> 15340000 | L23: Seragam Mekanik Honda 1 Set (Topi+Apron) | M23: =SUMIFS(H20:H63,E20:E63,L23) -> 0
C24: =IFERROR(__xludf.DUMMYFUNCTION("""COMPUTED_VALUE"""),"Pak Dwi ") -> Pak Dwi | D24: =IFERROR(__xludf.DUMMYFUNCTION("""COMPUTED_VALUE"""),46128.0) -> 46128 | E24: =IFERROR(__xludf.DUMMYFUNCTION("""COMPUTED_VALUE"""),"Seragam TSM ") -> Seragam TSM | F24: =IFERROR(__xludf.DUMMYFUNCTION("""COMPUTED_VALUE"""),49.0) -> 49 | G24: =IFERROR(__xludf.DUMMYFUNCTION("""COMPUTED_VALUE"""),220000.0) -> 220000 | H24: =IFERROR(__xludf.DUMMYFUNCTION("""COMPUTED_VALUE"""),1.078E7) -> 10780000 | L24: Wearpack Akademi Yamaha | M24: =SUMIFS(H21:H64,E21:E64,L24) -> 0
C25: =IFERROR(__xludf.DUMMYFUNCTION("""COMPUTED_VALUE"""),"Pak Dwi ") -> Pak Dwi | D25: =IFERROR(__xludf.DUMMYFUNCTION("""COMPUTED_VALUE"""),46128.0) -> 46128 | E25: =IFERROR(__xludf.DUMMYFUNCTION("""COMPUTED_VALUE"""),"Seragam TSM ") -> Seragam TSM | F25: =IFERROR(__xludf.DUMMYFUNCTION("""COMPUTED_VALUE"""),2.0) -> 2 | G25: =IFERROR(__xludf.DUMMYFUNCTION("""COMPUTED_VALUE"""),230000.0) -> 230000 | H25: =IFERROR(__xludf.DUMMYFUNCTION("""COMPUTED_VALUE"""),460000.0) -> 460000 | L25: Seragam Mekanik Honda | M25: =SUMIFS(H22:H65,E22:E65,L25) -> 450000 | N25: 4
C26: =IFERROR(__xludf.DUMMYFUNCTION("""COMPUTED_VALUE"""),"Pak Dwi ") -> Pak Dwi | D26: =IFERROR(__xludf.DUMMYFUNCTION("""COMPUTED_VALUE"""),46128.0) -> 46128 | E26: =IFERROR(__xludf.DUMMYFUNCTION("""COMPUTED_VALUE"""),"Seragam TSM ") -> Seragam TSM | F26: =IFERROR(__xludf.DUMMYFUNCTION("""COMPUTED_VALUE"""),13.0) -> 13 | G26: =IFERROR(__xludf.DUMMYFUNCTION("""COMPUTED_VALUE"""),200000.0) -> 200000 | H26: =IFERROR(__xludf.DUMMYFUNCTION("""COMPUTED_VALUE"""),2600000.0) -> 2600000 | L26: Revisi Lengan dan Ukuran Wearpack | M26: =SUMIFS(H23:H66,E23:E66,L26) -> 0
C27: =IFERROR(__xludf.DUMMYFUNCTION("""COMPUTED_VALUE"""),"Pak Dwi ") -> Pak Dwi | D27: =IFERROR(__xludf.DUMMYFUNCTION("""COMPUTED_VALUE"""),46128.0) -> 46128 | E27: =IFERROR(__xludf.DUMMYFUNCTION("""COMPUTED_VALUE"""),"Seragam TSM ") -> Seragam TSM | F27: =IFERROR(__xludf.DUMMYFUNCTION("""COMPUTED_VALUE"""),2.0) -> 2 | G27: =IFERROR(__xludf.DUMMYFUNCTION("""COMPUTED_VALUE"""),210000.0) -> 210000 | H27: =IFERROR(__xludf.DUMMYFUNCTION("""COMPUTED_VALUE"""),420000.0) -> 420000 | L27: Topi Custom | M27: =SUMIFS(H24:H67,E24:E67,L27) -> 0
C28: =IFERROR(__xludf.DUMMYFUNCTION("""COMPUTED_VALUE"""),"Pak Dwi ") -> Pak Dwi | D28: =IFERROR(__xludf.DUMMYFUNCTION("""COMPUTED_VALUE"""),46128.0) -> 46128 | E28: =IFERROR(__xludf.DUMMYFUNCTION("""COMPUTED_VALUE"""),"Seragam TSM ") -> Seragam TSM | F28: =IFERROR(__xludf.DUMMYFUNCTION("""COMPUTED_VALUE"""),1.0) -> 1 | G28: =IFERROR(__xludf.DUMMYFUNCTION("""COMPUTED_VALUE"""),240000.0) -> 240000 | H28: =IFERROR(__xludf.DUMMYFUNCTION("""COMPUTED_VALUE"""),240000.0) -> 240000 | L28: Wearpack Mitsubitshi | M28: =SUMIFS(H25:H68,E25:E68,L28) -> 7800000
C29: =IFERROR(__xludf.DUMMYFUNCTION("""COMPUTED_VALUE""")," PT Anugerah Kasih Putera (ASP)") -> PT Anugerah Kasih Putera (ASP) | D29: =IFERROR(__xludf.DUMMYFUNCTION("""COMPUTED_VALUE"""),46129.0) -> 46129 | E29: =IFERROR(__xludf.DUMMYFUNCTION("""COMPUTED_VALUE"""),"Seragam Honda (Teknisi)") -> Seragam Honda (Teknisi) | F29: =IFERROR(__xludf.DUMMYFUNCTION("""COMPUTED_VALUE"""),27.0) -> 27 | G29: =IFERROR(__xludf.DUMMYFUNCTION("""COMPUTED_VALUE"""),110000.0) -> 110000 | H29: =IFERROR(__xludf.DUMMYFUNCTION("""COMPUTED_VALUE"""),2970000.0) -> 2970000 | I29: =IFERROR(__xludf.DUMMYFUNCTION("""COMPUTED_VALUE"""),3580000.0) -> 3580000 | L29: Seragam Mekanik Honda Set (Atasan+Celana) | M29: =SUMIFS(H26:H69,E26:E69,L29) -> 0
C30: =IFERROR(__xludf.DUMMYFUNCTION("""COMPUTED_VALUE""")," PT Anugerah Kasih Putera (ASP)") -> PT Anugerah Kasih Putera (ASP) | D30: =IFERROR(__xludf.DUMMYFUNCTION("""COMPUTED_VALUE"""),46129.0) -> 46129 | E30: =IFERROR(__xludf.DUMMYFUNCTION("""COMPUTED_VALUE"""),"Seragam Honda (Teknisi)") -> Seragam Honda (Teknisi) | F30: =IFERROR(__xludf.DUMMYFUNCTION("""COMPUTED_VALUE"""),4.0) -> 4 | G30: =IFERROR(__xludf.DUMMYFUNCTION("""COMPUTED_VALUE"""),120000.0) -> 120000 | H30: =IFERROR(__xludf.DUMMYFUNCTION("""COMPUTED_VALUE"""),480000.0) -> 480000 | L30: Celemek SPPG | M30: =SUMIFS(H27:H70,E27:E70,L30) -> 0
C31: =IFERROR(__xludf.DUMMYFUNCTION("""COMPUTED_VALUE""")," PT Anugerah Kasih Putera (ASP)") -> PT Anugerah Kasih Putera (ASP) | D31: =IFERROR(__xludf.DUMMYFUNCTION("""COMPUTED_VALUE"""),46129.0) -> 46129 | E31: =IFERROR(__xludf.DUMMYFUNCTION("""COMPUTED_VALUE"""),"Seragam Honda (Teknisi)") -> Seragam Honda (Teknisi) | F31: =IFERROR(__xludf.DUMMYFUNCTION("""COMPUTED_VALUE"""),1.0) -> 1 | G31: =IFERROR(__xludf.DUMMYFUNCTION("""COMPUTED_VALUE"""),130000.0) -> 130000 | H31: =IFERROR(__xludf.DUMMYFUNCTION("""COMPUTED_VALUE"""),130000.0) -> 130000 | L31: Seragam HRC Honda | M31: =SUMIFS(H28:H71,E28:E71,L31) -> 0
C32: =IFERROR(__xludf.DUMMYFUNCTION("""COMPUTED_VALUE"""),"Pradika Hermawan") -> Pradika Hermawan | D32: =IFERROR(__xludf.DUMMYFUNCTION("""COMPUTED_VALUE"""),46132.0) -> 46132 | E32: =IFERROR(__xludf.DUMMYFUNCTION("""COMPUTED_VALUE"""),"Kaos") -> Kaos | F32: =IFERROR(__xludf.DUMMYFUNCTION("""COMPUTED_VALUE"""),13.0) -> 13 | G32: =IFERROR(__xludf.DUMMYFUNCTION("""COMPUTED_VALUE"""),85000.0) -> 85000 | H32: =IFERROR(__xludf.DUMMYFUNCTION("""COMPUTED_VALUE"""),1105000.0) -> 1105000 | I32: =IFERROR(__xludf.DUMMYFUNCTION("""COMPUTED_VALUE"""),1895000.0) -> 1895000 | L32: Mitsubishi sales | M32: =SUMIFS(H29:H72,E29:E72,L32) -> 0
C33: =IFERROR(__xludf.DUMMYFUNCTION("""COMPUTED_VALUE"""),"Pradika Hermawan") -> Pradika Hermawan | D33: =IFERROR(__xludf.DUMMYFUNCTION("""COMPUTED_VALUE"""),46132.0) -> 46132 | E33: =IFERROR(__xludf.DUMMYFUNCTION("""COMPUTED_VALUE"""),"Kaos") -> Kaos | F33: =IFERROR(__xludf.DUMMYFUNCTION("""COMPUTED_VALUE"""),5.0) -> 5 | G33: =IFERROR(__xludf.DUMMYFUNCTION("""COMPUTED_VALUE"""),95000.0) -> 95000 | H33: =IFERROR(__xludf.DUMMYFUNCTION("""COMPUTED_VALUE"""),475000.0) -> 475000 | L33: Apron honda & Topi Mekanik Honda Motor Putih | M33: =SUMIFS(H30:H73,E30:E73,L33) -> 0
C34: =IFERROR(__xludf.DUMMYFUNCTION("""COMPUTED_VALUE"""),"Pradika Hermawan") -> Pradika Hermawan | D34: =IFERROR(__xludf.DUMMYFUNCTION("""COMPUTED_VALUE"""),46132.0) -> 46132 | E34: =IFERROR(__xludf.DUMMYFUNCTION("""COMPUTED_VALUE"""),"Kaos") -> Kaos | F34: =IFERROR(__xludf.DUMMYFUNCTION("""COMPUTED_VALUE"""),3.0) -> 3 | G34: =IFERROR(__xludf.DUMMYFUNCTION("""COMPUTED_VALUE"""),105000.0) -> 105000 | H34: =IFERROR(__xludf.DUMMYFUNCTION("""COMPUTED_VALUE"""),315000.0) -> 315000 | L34: Seragam Suzuki tanpa Bordir | M34: =SUMIFS(H31:H74,E31:E74,L34) -> 0
C35: =IFERROR(__xludf.DUMMYFUNCTION("""COMPUTED_VALUE"""),"PT Anugerah Kasih Putera (Body and Paint)") -> PT Anugerah Kasih Putera (Body and Paint) | D35: =IFERROR(__xludf.DUMMYFUNCTION("""COMPUTED_VALUE"""),46133.0) -> 46133 | E35: =IFERROR(__xludf.DUMMYFUNCTION("""COMPUTED_VALUE"""),"Seragam Honda (Teknisi)") -> Seragam Honda (Teknisi) | F35: =IFERROR(__xludf.DUMMYFUNCTION("""COMPUTED_VALUE"""),34.0) -> 34 | G35: =IFERROR(__xludf.DUMMYFUNCTION("""COMPUTED_VALUE"""),110000.0) -> 110000 | H35: =IFERROR(__xludf.DUMMYFUNCTION("""COMPUTED_VALUE"""),3740000.0) -> 3740000 | I35: =IFERROR(__xludf.DUMMYFUNCTION("""COMPUTED_VALUE"""),4700000.0) -> 4700000 | L35: Dasi | M35: =SUMIFS(H32:H75,E32:E75,L35) -> 0
C36: =IFERROR(__xludf.DUMMYFUNCTION("""COMPUTED_VALUE"""),"PT Anugerah Kasih Putera (Body and Paint)") -> PT Anugerah Kasih Putera (Body and Paint) | D36: =IFERROR(__xludf.DUMMYFUNCTION("""COMPUTED_VALUE"""),46133.0) -> 46133 | E36: =IFERROR(__xludf.DUMMYFUNCTION("""COMPUTED_VALUE"""),"Seragam Honda (Teknisi)") -> Seragam Honda (Teknisi) | F36: =IFERROR(__xludf.DUMMYFUNCTION("""COMPUTED_VALUE"""),1.0) -> 1 | G36: =IFERROR(__xludf.DUMMYFUNCTION("""COMPUTED_VALUE"""),120000.0) -> 120000 | H36: =IFERROR(__xludf.DUMMYFUNCTION("""COMPUTED_VALUE"""),120000.0) -> 120000 | L36: Seragam PDH Rompi | M36: =SUMIFS(H33:H76,E33:E76,L36) -> 0
C37: =IFERROR(__xludf.DUMMYFUNCTION("""COMPUTED_VALUE"""),"PT Anugerah Kasih Putera (Body and Paint)") -> PT Anugerah Kasih Putera (Body and Paint) | D37: =IFERROR(__xludf.DUMMYFUNCTION("""COMPUTED_VALUE"""),46133.0) -> 46133 | E37: =IFERROR(__xludf.DUMMYFUNCTION("""COMPUTED_VALUE"""),"Seragam Honda (Teknisi)") -> Seragam Honda (Teknisi) | F37: =IFERROR(__xludf.DUMMYFUNCTION("""COMPUTED_VALUE"""),1.0) -> 1 | G37: =IFERROR(__xludf.DUMMYFUNCTION("""COMPUTED_VALUE"""),130000.0) -> 130000 | H37: =IFERROR(__xludf.DUMMYFUNCTION("""COMPUTED_VALUE"""),130000.0) -> 130000
C38: =IFERROR(__xludf.DUMMYFUNCTION("""COMPUTED_VALUE"""),"PT Anugerah Kasih Putera (Body and Paint)") -> PT Anugerah Kasih Putera (Body and Paint) | D38: =IFERROR(__xludf.DUMMYFUNCTION("""COMPUTED_VALUE"""),46133.0) -> 46133 | E38: =IFERROR(__xludf.DUMMYFUNCTION("""COMPUTED_VALUE"""),"Seragam Honda (Teknisi)") -> Seragam Honda (Teknisi) | F38: =IFERROR(__xludf.DUMMYFUNCTION("""COMPUTED_VALUE"""),1.0) -> 1 | G38: =IFERROR(__xludf.DUMMYFUNCTION("""COMPUTED_VALUE"""),150000.0) -> 150000 | H38: =IFERROR(__xludf.DUMMYFUNCTION("""COMPUTED_VALUE"""),150000.0) -> 150000
C39: =IFERROR(__xludf.DUMMYFUNCTION("""COMPUTED_VALUE"""),"Ibu Chacha") -> Ibu Chacha | D39: =IFERROR(__xludf.DUMMYFUNCTION("""COMPUTED_VALUE"""),46133.0) -> 46133 | E39: =IFERROR(__xludf.DUMMYFUNCTION("""COMPUTED_VALUE"""),"Seragam Honda (Teknisi)") -> Seragam Honda (Teknisi) | F39: =IFERROR(__xludf.DUMMYFUNCTION("""COMPUTED_VALUE"""),1.0) -> 1 | G39: =IFERROR(__xludf.DUMMYFUNCTION("""COMPUTED_VALUE"""),110000.0) -> 110000 | H39: =IFERROR(__xludf.DUMMYFUNCTION("""COMPUTED_VALUE"""),110000.0) -> 110000 | K39: Product
C40: =IFERROR(__xludf.DUMMYFUNCTION("""COMPUTED_VALUE"""),"Ibu Chacha") -> Ibu Chacha | D40: =IFERROR(__xludf.DUMMYFUNCTION("""COMPUTED_VALUE"""),46133.0) -> 46133 | E40: =IFERROR(__xludf.DUMMYFUNCTION("""COMPUTED_VALUE"""),"Seragam Honda (Teknisi)") -> Seragam Honda (Teknisi) | F40: =IFERROR(__xludf.DUMMYFUNCTION("""COMPUTED_VALUE"""),1.0) -> 1 | G40: =IFERROR(__xludf.DUMMYFUNCTION("""COMPUTED_VALUE"""),150000.0) -> 150000 | H40: =IFERROR(__xludf.DUMMYFUNCTION("""COMPUTED_VALUE"""),150000.0) -> 150000 | K40: Seragam PDH Custom | L40: =SUMIFS(G2:G45,E2:E45,K40) -> 0
D41: =IFERROR(__xludf.DUMMYFUNCTION("""COMPUTED_VALUE"""),46133.0) -> 46133 | E41: =IFERROR(__xludf.DUMMYFUNCTION("""COMPUTED_VALUE"""),"Topi ") -> Topi | F41: =IFERROR(__xludf.DUMMYFUNCTION("""COMPUTED_VALUE"""),10.0) -> 10 | G41: =IFERROR(__xludf.DUMMYFUNCTION("""COMPUTED_VALUE"""),30000.0) -> 30000 | H41: =IFERROR(__xludf.DUMMYFUNCTION("""COMPUTED_VALUE"""),300000.0) -> 300000 | K41: Honda Mekanik 1 set | L41: =SUMIFS(G3:G46,E3:E46,K41) -> 0
C42: =IFERROR(__xludf.DUMMYFUNCTION("""COMPUTED_VALUE"""),"Pak Septian Budi Candra") -> Pak Septian Budi Candra | D42: =IFERROR(__xludf.DUMMYFUNCTION("""COMPUTED_VALUE"""),46136.0) -> 46136 | E42: =IFERROR(__xludf.DUMMYFUNCTION("""COMPUTED_VALUE"""),"Wearpack Mitsubitshi") -> Wearpack Mitsubitshi | F42: =IFERROR(__xludf.DUMMYFUNCTION("""COMPUTED_VALUE"""),30.0) -> 30 | G42: =IFERROR(__xludf.DUMMYFUNCTION("""COMPUTED_VALUE"""),215000.0) -> 215000 | H42: =IFERROR(__xludf.DUMMYFUNCTION("""COMPUTED_VALUE"""),6450000.0) -> 6450000 | I42: =IFERROR(__xludf.DUMMYFUNCTION("""COMPUTED_VALUE"""),8370000.0) -> 8370000 | K42: Toyota tanpa bordir | L42: =SUMIFS(G4:G47,E4:E47,K42) -> 0
C43: =IFERROR(__xludf.DUMMYFUNCTION("""COMPUTED_VALUE"""),"Pak Septian Budi Candra") -> Pak Septian Budi Candra | D43: =IFERROR(__xludf.DUMMYFUNCTION("""COMPUTED_VALUE"""),46136.0) -> 46136 | E43: =IFERROR(__xludf.DUMMYFUNCTION("""COMPUTED_VALUE"""),"Wearpack Mitsubitshi") -> Wearpack Mitsubitshi | F43: =IFERROR(__xludf.DUMMYFUNCTION("""COMPUTED_VALUE"""),6.0) -> 6 | G43: =IFERROR(__xludf.DUMMYFUNCTION("""COMPUTED_VALUE"""),225000.0) -> 225000 | H43: =IFERROR(__xludf.DUMMYFUNCTION("""COMPUTED_VALUE"""),1350000.0) -> 1350000 | K43: Seragam PDH | L43: =SUMIFS(G5:G48,E5:E48,K43) -> 0
C44: =IFERROR(__xludf.DUMMYFUNCTION("""COMPUTED_VALUE"""),"Pak Windarto") -> Pak Windarto | D44: =IFERROR(__xludf.DUMMYFUNCTION("""COMPUTED_VALUE"""),46136.0) -> 46136 | E44: =IFERROR(__xludf.DUMMYFUNCTION("""COMPUTED_VALUE"""),"wearpack Toyota tanpa bordir belakang") -> wearpack Toyota tanpa bordir belakang | F44: =IFERROR(__xludf.DUMMYFUNCTION("""COMPUTED_VALUE"""),3.0) -> 3 | G44: =IFERROR(__xludf.DUMMYFUNCTION("""COMPUTED_VALUE"""),190000.0) -> 190000 | H44: =IFERROR(__xludf.DUMMYFUNCTION("""COMPUTED_VALUE"""),570000.0) -> 570000 | K44: Kaos Lapangan | L44: =SUMIFS(G6:G49,E6:E49,K44) -> 0
C45: =IFERROR(__xludf.DUMMYFUNCTION("""COMPUTED_VALUE"""),"Pak Supoyo") -> Pak Supoyo | D45: =IFERROR(__xludf.DUMMYFUNCTION("""COMPUTED_VALUE"""),46140.0) -> 46140 | E45: =IFERROR(__xludf.DUMMYFUNCTION("""COMPUTED_VALUE"""),"Seragam Mekanik Honda") -> Seragam Mekanik Honda | F45: =IFERROR(__xludf.DUMMYFUNCTION("""COMPUTED_VALUE"""),1.0) -> 1 | G45: =IFERROR(__xludf.DUMMYFUNCTION("""COMPUTED_VALUE"""),250000.0) -> 250000 | H45: =IFERROR(__xludf.DUMMYFUNCTION("""COMPUTED_VALUE"""),250000.0) -> 250000 | K45: wearpacknya Custom | L45: =SUMIFS(G7:G50,E7:E50,K45) -> 0
C46: =IFERROR(__xludf.DUMMYFUNCTION("""COMPUTED_VALUE"""),"Pak Supoyo") -> Pak Supoyo | D46: =IFERROR(__xludf.DUMMYFUNCTION("""COMPUTED_VALUE"""),46140.0) -> 46140 | E46: =IFERROR(__xludf.DUMMYFUNCTION("""COMPUTED_VALUE"""),"Seragam Mekanik Honda") -> Seragam Mekanik Honda | F46: =IFERROR(__xludf.DUMMYFUNCTION("""COMPUTED_VALUE"""),1.0) -> 1 | G46: =IFERROR(__xludf.DUMMYFUNCTION("""COMPUTED_VALUE"""),200000.0) -> 200000 | H46: =IFERROR(__xludf.DUMMYFUNCTION("""COMPUTED_VALUE"""),200000.0) -> 200000 | K46: Seragam Mekanik Honda Mobil 1 Set | L46: =SUMIFS(G8:G51,E8:E51,K46) -> 0
K47: Seragam Mekanik set + Bordir Nama Dealer | L47: =SUMIFS(G9:G52,E9:E52,K47) -> 0
K48: Seragam Staff Bengkel + Bordir Nama Dealer | L48: =SUMIFS(G10:G53,E10:E53,K48) -> 0
K49: Seragam PDI Set + Bordir Nama Dealer | L49: =SUMIFS(G11:G54,E11:E54,K49) -> 0
K50: Seragam Counter + Bordir Nama Dealer | L50: =SUMIFS(G12:G55,E12:E55,K50) -> 0
K51: Seragam Driver | L51: =SUMIFS(G13:G56,E13:E56,K51) -> 0
K52: Seragam PDH Custom | L52: =SUMIFS(G14:G57,E14:E57,K52) -> 0
K53: wearpacknya Custom | L53: =SUMIFS(G15:G58,E15:E58,K53) -> 0
K54: Seragam Mekanik Honda 1 set | L54: =SUMIFS(G16:G59,E16:E59,K54) -> 0
K55: Topi | L55: =SUMIFS(G17:G60,E17:E60,K55) -> 0
K56: Apron | L56: =SUMIFS(G18:G61,E18:E61,K56) -> 0
K57: Wearpack Toyota | L57: =SUMIFS(G19:G62,E19:E62,K57) -> 0
K58: Seragam Mekanik Honda 1 Set (Topi+Apron) | L58: =SUMIFS(G20:G63,E20:E63,K58) -> 0
... K71: Seragam PDH Rompi | L71: =SUMIFS(G33:G76,E33:E76,K71) -> 0

Sheet BULAN BERJALAN BANUA
A1: IITEM CODE | B1: INSTANSI | C1: CUSTOMER | D1: DATE | E1: PRODUCT | F1: QTY | G1: PRICE | H1: TOTAL PRICE | I1: KETERANGAN | J1: Column 10
A2: SMK NON TBSM | B2: Sekolah Kejuruan | C2: Pak Bayu (SMK Muhammadiyah Moyudan) | D2: 45827 | E2: Wearpack Yamaha | F2: 7 | G2: 200000 | I2: 0857 0122 4831
A3: SMK NON TBSM | B3: Sekolah Kejuruan | C3: Pak Bayu (SMK Muhammadiyah Moyudan) | D3: 45827 | E3: Wearpack Yamaha | F3: 2 | G3: 220000 | H3: =F3*G3 -> 440000 | I3: 0857 0122 4831
A4: SMK NON TBSM | B4: Sekolah Kejuruan | C4: Pak Bayu (SMK Muhammadiyah Moyudan) | D4: 45827 | E4: Wearpack Yamaha | F4: 1 | G4: 240000 | H4: =F4*G4 -> 240000 | I4: 0857 0122 4831
A5: TOYOTA | B5: PT. Kala Suba Indonesia | C5: Vicky | D5: 45831 | E5: Wearpack Toyota | F5: 20 | G5: 210000 | H5: =F5*G5 -> 4200000 | J5: sama
A6: YAMAHA | B6: Sekolah Kejuruan | C6: Pak Sigit (SMK Muhammadiyah 1 Moyudan) | D6: 45831 | E6: Wearpack Yamaha | F6: 10 | H6: 2070000 | J6: sama
A7: tolong lengkapi | B7: tolong lengkapi | C7: Surat Motor | D7: 45831 | E7: FLP Kerah Merah | F7: 10 | G7: 240000 | H7: =F7*G7 -> 2400000
A8: tolong lengkapi | B8: tolong lengkapi | C8: Surat Motor | D8: 45831 | E8: FLP Kerah Merah | F8: 2 | G8: 250000 | H8: =F8*G8 -> 500000
A9: SMK NON TBSM | B9: Sekolah Kejuruan | C9: Pak Ubay (SMKS Muhammadiyah Gunung Agung) | D9: 45839 | E9: Seragam DKV | F9: 50 | G9: 115000 | H9: =F9*G9 -> 5750000 | I9: 0853 5750 2112 | J9: sama
A10: SMK NON TBSM | B10: Sekolah Kejuruan | C10: Pak Ubay (SMKS Muhammadiyah Gunung Agung) | D10: 45839 | E10: Seragam DKV | F10: 2 | G10: 125000 | H10: =F10*G10 -> 250000 | I10: 0853 5750 2112 | J10: sama
A11: SMK NON TBSM | B11: Sekolah Kejuruan | C11: Pak Ubay (SMKS Muhammadiyah Gunung Agung) | D11: 45839 | E11: Seragam Pemasaran | F11: 57 | G11: 115000 | H11: =F11*G11 -> 6555000 | I11: 0853 5750 2112 | J11: sama
A12: SMK NON TBSM | B12: Sekolah Kejuruan | C12: Pak Ubay (SMKS Muhammadiyah Gunung Agung) | D12: 45839 | E12: Seragam Pemasaran | F12: 3 | G12: 125000 | H12: =F12*G12 -> 375000 | I12: 0853 5750 2112 | J12: sama
A13: SMK NON TBSM | B13: Sekolah Kejuruan | C13: Pak Ubay (SMKS Muhammadiyah Gunung Agung) | D13: 45839 | E13: Seragam Pemasaran | F13: 1 | G13: 135000 | H13: =F13*G13 -> 135000 | I13: 0853 5750 2112 | J13: sama
A14: SMK NON TBSM | B14: Sekolah Kejuruan | C14: Pak Ubay (SMKS Muhammadiyah Gunung Agung) | D14: 45839 | E14: Seragam Akuntansi | F14: 12 | G14: 115000 | H14: =F14*G14 -> 1380000 | I14: 0853 5750 2112 | J14: sama
A15: SMK NON TBSM | B15: Sekolah Kejuruan | C15: Pak Ubay (SMKS Muhammadiyah Gunung Agung) | D15: 45839 | E15: Seragam Olahraga | F15: 150 | G15: 107000 | H15: =F15*G15 -> 16050000 | I15: 0853 5750 2112 | J15: sama
A16: HONDA MOBIL | B16: PT. Tajimura Maju Bersama | C16: PT. Tajimura Maju Bersama | D16: 45839 | E16: Honda Mobil | F16: 10 | G16: 200000 | H16: =F16*G16 -> 2000000 | J16: sama
A17: TOYOTA | B17: Toyota | C17: Pak Windarto ( Bengkel Jaya Abadi) | D17: 45840 | E17: Wearpack Toyota | F17: 10 | G17: 190000 | H17: =F17*G17 -> 1900000 | J17: sama
A18: tolong lengkapi | B18: Honda | C18: =C20 -> PT. Tajimura Maju Bersama | D18: 45846 | E18: Honda Mobil | F18: 1 | G18: 200000 | H18: =F18*G18 -> 200000
A19: tolong lengkapi | B19: Honda | C19: Pak Sigit (SMK Muhammadiyah 1 Moyudan) | D19: 45846 | F19: 2 | G19: 25000 | H19: =F19*G19 -> 50000
A20: WULING | B20: PT. Tajimura Maju Bersama | C20: PT. Tajimura Maju Bersama | D20: 45840 | E20: Mekanik Wulling | F20: 1 | G20: 210000 | H20: =F20*G20 -> 210000 | J20: sama
A21: SMK NON TBSM | B21: Sekolah Kejuruan | C21: Pak Sigit (SMK Muhammadiyah 1 Moyudan) | D21: 45840 | E21: Mekanik Honda Motor 1 Set | F21: 2 | G21: 235000 | H21: =F21*G21 -> 470000 | J21: sama
A22: SMK NON TBSM | B22: Honda | C22: Pak Erwin ( Mandala Jaya Abadi) | D22: 45845 | E22: Wearpack Honda Custom | F22: 50 | G22: 120000 | H22: =F22*G22 -> 6000000 | J22: sama
A23: UMUM KOMUNITAS | B23: Sekolah Umum | C23: Ibu Isna ( orang tua murid) | D23: 45845 | E23: Seragam SMP | F23: 1 | G23: 173000 | H23: =F23*G23 -> 173000 | J23: sama
B24: PT. Tajimura Maju Bersama | C24: PT. Tajimura Maju Bersama | D24: 45847 | E24: Wearpack Honda Custom dan Topi | F24: 3 | H24: 250000 | J24: sama
B25: PT Tanaka | C25: PT Tanaka | D25: 45848 | E25: Wearpack Custom | F25: 12 | G25: 225000 | H25: =F25*G25 -> 2700000 | J25: sama
A26: UMUM KOMUNITAS | B26: Sekolah Umum | D26: 45852 | E26: Seragam SD Set | F26: 1 | G26: 99000 | H26: =F26*G26 -> 99000 | J26: sama
A27: YAMAHA | D27: 45852 | E27: Wearpack Yamaha | F27: 1 | G27: 230000 | H27: =F27*G27 -> 230000 | J27: sama
A28: UMUM KOMUNITAS | B28: Sekolah Kejuruan | C28: Pak Guntarto | E28: Seragam TBSM | F28: 19 | H28: 3720000 | J28: sama
A29: UMUM KOMUNITAS | B29: Sekolah Kejuruan | C29: Pak Rahmat | E29: Seragam TBSM | F29: 30 | H29: 6780000 | J29: sama
A30: UMUM KOMUNITAS | B30: Universitas | C30: Pak Triyanto (Tata Busana UNY) | D30: 45855 | E30: Seragam PDH | F30: 8 | G30: 155000 | H30: =F30*G30 -> 1240000 | J30: sama
A31: UMUM KOMUNITAS | B31: Universitas | C31: Pak Triyanto (Tata Busana UNY) | D31: 45855 | E31: Seragam PDH | F31: 3 | G31: 165000 | H31: =F31*G31 -> 495000 | J31: sama
A32: UMUM KOMUNITAS | B32: Universitas | C32: Pak Triyanto (Tata Busana UNY) | D32: 45855 | E32: Seragam PDH | F32: 2 | G32: 175000 | H32: =F32*G32 -> 350000 | J32: sama
A33: tolong lengkapi | B33: Yamaha | C33: Fortuna Yamaha Tumbang Titi | D33: 45870 | E33: Seragam | F33: 6 | G33: 145000 | H33: =F33*G33 -> 870000
A34: UMUM KOMUNITAS | B34: Sekolah Kejuruan | C34: Pak Supoyo (SMK Muhammadiyah 3 Waleri) | D34: 45873 | E34: Seragam TBSM + Seragam Guru | F34: 111 | H34: 18870000 | J34: sama
A35: tolong lengkapi | B35: tolong lengkapi | C35: Pak Edi (Sultan Motor) | D35: 45874 | E35: FLP Cowok dan Cewek | F35: 10 | G35: 130000 | H35: =F35*G35 -> 1300000
A36: UMUM KOMUNITAS | B36: Lampung Independt Vespa | C36: Bu Yeni Lestari | D36: 45873 | E36: Seragam Komunitas Vespa | F36: 4 | G36: 235000 | H36: =F36*G36 -> 940000 | J36: sama
A37: tolong lengkapi | B37: Toyota | C37: PT. Kala Suba Indonesia | D37: 45875 | E37: Wearpack Toyota | F37: 20 | G37: 210000 | H37: =F37*G37 -> 4200000
A38: UMUM KOMUNITAS | B38: Sekolah Kejuruan | C38: Rinto Dwi Endratmako (SMKN 1 Entikong) | D38: 45877 | E38: Seragam SMK | F38: 52 | G38: 210000 | H38: =F38*G38 -> 10920000 | J38: sama
A39: UMUM KOMUNITAS | B39: Sekolah Kejuruan | C39: Rinto Dwi Endratmako (SMKN 1 Entikong) | D39: 45877 | E39: Seragam SMK | F39: 53 | G39: 225000 | H39: =F39*G39 -> 11925000 | J39: sama
A40: UMUM KOMUNITAS | B40: Sekolah Kejuruan | C40: Rinto Dwi Endratmako (SMKN 1 Entikong) | D40: 45877 | E40: Seragam SMK | F40: 5 | G40: 125000 | H40: =F40*G40 -> 625000 | J40: sama
A41: tolong lengkapi | B41: Honda | C41: Pak Rofik (Cendana Wangi) | D41: 45881 | E41: Topi | F41: 100 | G41: 22000 | H41: =F41*G41 -> 2200000 | J41: sama
A42: tolong lengkapi | B42: Honda | C42: Pak Rofik (Cendana Wangi) | D42: 45881 | E42: Apron | F42: 100 | G42: 22000 | H42: =F42*G42 -> 2200000 | J42: sama
A43: UMUM COMPANY | B43: Dinas Perikanan | C43: Ibu Elly Yurita | D43: 45883 | E43: PDL | F43: 26 | G43: 125000 | H43: =F43*G43 -> 3250000 | J43: sama
A44: UMUM COMPANY | B44: Dinas Perikanan | C44: Ibu Elly Yurita | D44: 45883 | E44: PDL | F44: 1 | G44: 135000 | H44: =F44*G44 -> 135000 | J44: sama
A45: UMUM COMPANY | B45: Dinas Perikanan | C45: Ibu Elly Yurita | D45: 45883 | E45: PDL | F45: 1 | G45: 165000 | H45: =F45*G45 -> 165000 | J45: sama
A46: SMK NON TBSM | B46: Sekolah Kejuruan | C46: Pak Mulyadi | D46: 45883 | E46: Seragam TBSM | F46: 32 | H46: 7400000 | J46: sama
A47: HONDA MOTOR | B47: Honda | C47: Pak Anton | D47: 45885 | E47: Wearpack Honda Motor 1 Set | F47: 4 | G47: 250000 | H47: =F47*G47 -> 1000000 | J47: sama
A48: tolong lengkapi | B48: Mazda | C48: Pak Aji | D48: 45879 | E48: Wearpack Mazda | F48: 12 | G48: 210000 | H48: =F48*G48 -> 2520000 | J48: sama
A49: UMUM KOMUNITAS | B49: Universitas | C49: Pak Triyanto (Tata Busana UNY) | D49: 45889 | E49: Seragam PDH | F49: 8 | G49: 155000 | H49: =F49*G49 -> 1240000
A50: UMUM KOMUNITAS | B50: Universitas | C50: Pak Triyanto (Tata Busana UNY) | D50: 45889 | E50: Seragam PDH | F50: 3 | G50: 165000 | H50: =F50*G50 -> 495000
A51: UMUM KOMUNITAS | B51: Universitas | C51: Pak Triyanto (Tata Busana UNY) | D51: 45889 | E51: Seragam PDH | F51: 2 | G51: 175000 | H51: =F51*G51 -> 350000
A52: tolong lengkapi | B52: Yamaha | C52: Rajawali Motor | D52: 45890 | E52: Wearpack Mekanik Yamaha | F52: 1 | G52: 350000 | H52: =F52*G52 -> 350000
A53: tolong lengkapi | B53: Yamaha | C53: Rajawali Motor | D53: 45890 | F53: 2 | G53: 280000 | H53: =F53*G53 -> 560000
A54: SMK NON TBSM | B54: Sekolah Kejuruan | C54: Pak Supoyo (SMK Muhammadiyah 3 Waleri) | D54: 45894 | E54: Wearpack | F54: 102 | G54: 185000 | H54: =F54*G54 -> 18870000
A55: SMK NON TBSM | B55: Sekolah Kejuruan | C55: Pak Supoyo (SMK Muhammadiyah 3 Waleri) | D55: 45895 | E55: Seragam Mekanik Honda | F55: 7 | H55: 925000 | J55: sama
B56: PT Kalasuba | C56: PT Kalasuba | D56: 45895 | E56: Wearpack Toyota | F56: 20 | H56: 4200000 | J56: sama
A57: SMK NON TBSM | B57: Sekolah Kejuruan | C57: Pak Supoyo (SMK Muhammadiyah 3 Waleri) | D57: 45895 | E57: Wearpack | F57: 2 | G57: 220000 | H57: =F57*G57 -> 440000
A58: SMK NON TBSM | B58: Sekolah Kejuruan | C58: Pak Supoyo (SMK Muhammadiyah 3 Waleri) | D58: 45895 | F58: 1 | G58: 240000 | H58: =F58*G58 -> 240000
A59: SMK NON TBSM | B59: Sekolah Kejuruan | C59: Pak Supoyo (SMK Muhammadiyah 3 Waleri) | D59: 45895 | F59: 1 | G59: 125000 | H59: =F59*G59 -> 125000
A60: SMK NON TBSM | B60: Sekolah Kejuruan | C60: Pak Supoyo (SMK Muhammadiyah 3 Waleri) | D60: 45895 | F60: 4 | G60: 30000 | H60: =F60*G60 -> 120000
A61: tolong lengkapi | B61: Etalase Tsafiqa | C61: Kak Dewi Cirebon | D61: 45901 | E61: Celana Oprator SPBE | F61: 20 | G61: 100000 | H61: =F61*G61 -> 2000000 | J61: sama
A62: =I65 | B62: Honda | C62: Honda Anugrah Janti | D62: 45919 | E62: Seragam Honda Mekanik 1 Set | F62: 1 | G62: 125000 | H62: =F62*G62 -> 125000 | J62: sama
A63: WULING | B63: Wuling | C63: Pak Shidqi | D63: 45930 | E63: Seragam Wulling New | F63: 9 | G63: 205000 | H63: =F63*G63 -> 1845000 | J63: sama
A64: WULING | B64: Wuling | C64: Pak Shidqi | D64: 45930 | E64: tolong lengkapi | F64: 9 | G64: 120000 | H64: =F64*G64 -> 1080000 | J64: sama
A65: WULING | B65: Wuling | C65: Pak Shidqi | D65: 45930 | E65: tolong lengkapi | F65: 1 | G65: =G64 -> 120000 | H65: =F65*G65 -> 120000 | J65: sama
A66: WULING | B66: Wuling | C66: Pak Shidqi | D66: 45930 | H66: =3209000-H63-H64-H65 -> 164000 | J66: sama
A67: =I63 | B67: Honda | C67: Pak Hidayah Suratmin | D67: 45929 | E67: Topi Honda | F67: 153 | G67: 24000 | H67: =F67*G67 -> 3672000 | J67: sama
A68: =I80 -> UMUM KOMUNITAS | B68: tolong lengkapi | C68: Annaba | D68: 45925 | E68: Sampel Kaus Polo Tunik | F68: 2 | G68: 300000 | H68: =F68*G68 -> 600000 | J68: sama
A69: =A68 -> UMUM KOMUNITAS | B69: Kuep Permata Cipta Jaya | C69: Kak Filda (Mumtaz) | D69: 45922 | E69: Kaus Polo | F69: 38 | G69: 75000 | H69: =F69*G69 -> 2850000
A70: =A69 -> UMUM KOMUNITAS | B70: Kuep Permata Cipta Jaya | C70: Kak Filda (Mumtaz) | D70: 45922 | E70: Kaus Polo | F70: 1 | G70: 85000 | H70: =F70*G70 -> 85000 | I70: MAZDA
B71: PT. Anugerah Kasih Putera | C71: Ibu Meri | D71: 45919 | E71: Baju Mekanik | F71: 1 | G71: 125000 | H71: =F71*G71 -> 125000 | I71: TOYOTA
A72: =I64 | B72: PT Tajimura | C72: Ibu Rida (PT Tajimura) | D72: 45923 | E72: Mekanik Wulling | F72: 2 | G72: 200 | H72: =F72*G72 -> 400 | I72: YAMAHA | J72: sama
B73: Yamaha | C73: Moyudan | D73: 45917 | H73: 200000 | J73: sama
A74: TOYOTA | B74: Toyota | D74: 45911 | E74: Wearpack Toyota | F74: 20 | G74: 210000 | H74: =F74*G74 -> 4200000 | I74: SMK TBSM HONDA
B75: Sekolah Kejuruan | C75: Pak Pajar (SMKN 1 Kalikajar) | D75: 45910 | E75: Wearpack Custom | F75: 27 | G75: 200000 | H75: =F75*G75 -> 5400000 | I75: SMK NON TBSM | J75: sama
B76: Sekolah Kejuruan | C76: Pak Pajar (SMKN 1 Kalikajar) | D76: 45910 | E76: Wearpack Custom | F76: 5 | G76: 210000 | H76: =F76*G76 -> 1050000 | I76: TK | J76: sama
B77: PT Kalasuba | C77: Pak Vicky | D77: 45911 | E77: Wearpack Otomotif | H77: 3150000
A78: =I80 -> UMUM KOMUNITAS | B78: Honda | C78: Honda Maju Jaya | D78: 45909 | E78: Seragam Polo Merah | F78: 6 | G78: 100000 | H78: =F78*G78 -> 600000 | I78: UMUM KAMPUS | J78: sama
A79: tolong lengkapi | B79: Honda | C79: Honda Lestari Banten | D79: 45904 | E79: Seragam Atasan Mekanik | F79: 2 | G79: 135000 | H79: =F79*G79 -> 270000 | I79: UMUM COMPANY | J79: sama
A80: tolong lengkapi | B80: PT. Trimegah Nusa Harmoni | C80: PT. Trimegah Nusa Harmoni | D80: 45902 | E80: Seragam SA dan Mekanik Custom | F80: 9 | G80: 105000 | H80: =F80*G80 -> 945000 | I80: UMUM KOMUNITAS
A81: tolong lengkapi | B81: PT. Trimegah Nusa Harmoni | C81: PT. Trimegah Nusa Harmoni | D81: 45902 | E81: Seragam SA dan Mekanik Custom | F81: 2 | G81: 115000 | H81: =F81*G81 -> 230000
B82: PT Trimegah | C82: Pak Eko | D82: 45903 | E82: Seragam Otomotif | H82: 4700000 | J82: sama
A83: tolong lengkapi | B83: PT. Trimegah Nusa Harmoni | C83: PT. Trimegah Nusa Harmoni | D83: 45902 | E83: Seragam SA dan Mekanik Custom | F83: 1 | G83: 135000 | H83: =F83*G83 -> 135000
A84: tolong lengkapi | B84: PT. Trimegah Nusa Harmoni | C84: PT. Trimegah Nusa Harmoni | D84: 45902 | E84: Seragam SA dan Mekanik Custom | F84: 30 | G84: 150000 | H84: =F84*G84 -> 4500000
A85: tolong lengkapi | B85: PT. Trimegah Nusa Harmoni | C85: PT. Trimegah Nusa Harmoni | D85: 45902 | E85: Seragam SA dan Mekanik Custom | F85: 32 | G85: 115000 | H85: =F85*G85 -> 3680000
A86: tolong lengkapi | B86: PT. Trimegah Nusa Harmoni | C86: PT. Trimegah Nusa Harmoni | D86: 45902 | E86: Seragam SA dan Mekanik Custom | F86: 9 | G86: 105000 | H86: =F86*G86 -> 945000
A87: tolong lengkapi | B87: PT. Trimegah Nusa Harmoni | C87: PT. Trimegah Nusa Harmoni | D87: 45902 | E87: Seragam SA dan Mekanik Custom | F87: 1 | G87: 135000 | H87: =F87*G87 -> 135000
A88: tolong lengkapi | B88: PT. Trimegah Nusa Harmoni | C88: PT. Trimegah Nusa Harmoni | D88: =D85 -> 45902 | E88: =E85 -> Seragam SA dan Mekanik Custom | F88: 30 | G88: 150000 | H88: =F88*G88 -> 4500000
A89: tolong lengkapi | B89: Toyota | C89: PT. Glasindo Bejo Sejahtera | D89: 45901 | E89: Wearpack Toyota | F89: 20 | G89: 200000 | H89: =F89*G89 -> 4000000 | J89: sama
A90: tolong lengkapi | B90: Sekolah Kejuruan | C90: Ibu Nila (SMK Sultan Agung Jember) | D90: 45901 | E90: Seragam PDH dan Jas | F90: 30 | G90: 125000 | H90: =F90*G90 -> 3750000 | J90: sama
A91: tolong lengkapi | B91: Sekolah Kejuruan | C91: Ibu Nila (SMK Sultan Agung Jember) | D91: 45901 | E91: Seragam PDH dan Jas | F91: 1 | G91: 135000 | H91: =F91*G91 -> 135000 | J91: sama
A92: tolong lengkapi | B92: Sekolah Kejuruan | C92: Ibu Nila (SMK Sultan Agung Jember) | D92: 45901 | E92: Seragam PDH dan Jas | F92: 27 | G92: 145000 | H92: =F92*G92 -> 3915000 | J92: sama
A93: tolong lengkapi | B93: Sekolah Kejuruan | C93: Ibu Nila (SMK Sultan Agung Jember) | D93: 45901 | E93: Seragam PDH dan Jas | F93: 1 | G93: 155000 | H93: =F93*G93 -> 155000 | J93: sama
A94: tolong lengkapi | B94: Sekolah Kejuruan | C94: Pak Supoyo (SMK Muhammadiyah 3 Waleri) | D94: 45905 | E94: Wearpack | F94: 102 | G94: 185000 | H94: =F94*G94 -> 18870000
A95: tolong lengkapi | B95: Umum Company | C95: Pak Adie (Lampung) | D95: 45913 | E95: Seragam PDH | H95: 2175000 | J95: sama
B96: Kuep Permata Cipta Jaya | C96: Kak Filda (Mumtaz) | D96: 45922 | H96: 2935000
A97: TOYOTA | B97: Toyota | C97: Offline (Toyota) | D97: 45926 | H97: 220000 | J97: sama
A100: MAZDA | B100: PTO Sandwich Tehnik Utama | C100: Pak Sungkono | D100: 45936 | E100: Wearpack Custom Mazda | F100: 12 | G100: 215000 | H100: =F100*G100 -> 2580000 | J100: sama
B101: PT SPJ | D101: 45938 | H101: 3300000 | J101: sama
C102: Anaba | D102: 45939 | E102: Kaos | H102: 10420000 | J102: sama
...

Sheet Ach MTD NOVEMBER 2025
B2: Department | C2: Marketing
B3: PIC | C3: Aji
B4: Bulan | C4: Januari
B5: Target Bulanan | C5: 100000000
B6: Target Harian | C6: =C5/30 -> 3333333.3
B7: TGL | C7: AJI | K7: OKTOBER | L7: NOVEMBER
C8: BANUA 2025
C9: TARGET | D9: ACTUAL | E9: OKTOBER
B10: 1 | C10: =$C$6 -> 3333333.3 | D10: =SUMIF('BULAN BERJALAN BANUA'!D:D,$L10,'BULAN BERJALAN BANUA'!H:H) -> 130000 | E10: =SUMIF('BULAN BERJALAN BANUA'!$D:$D,$K10,'BULAN BERJALAN BANUA'!$H:$H) -> 0 | K10: {=SEQUENCE( DAY(EOMONTH(DATE(2025, MATCH(K$7, {"JANUARI";"FEBRUARI";"MARET";"APRIL";"MEI";"JUNI";"JULI";"AGUSTUS";"SEPTEMBER";"OKTOBER";"NOVEMBER";"DESEMBER"}, 0), 1), 0)), 1, DATE(2025, MATCH(K$1, {"JANUARI";"FEBRUARI";"MARET";"APRIL";"MEI";"JUNI";"JULI";"AGUSTUS";"SEPTEMBER";"OKTOBER";"NOVEMBER";"DESEMBER"}, 0), 1), 1 )} -> #N/A | L10: 45962
B11: 2 | C11: =$C$6 -> 3333333.3 | D11: =SUMIF('BULAN BERJALAN BANUA'!D:D,$L11,'BULAN BERJALAN BANUA'!H:H) -> 0 | E11: =SUMIF('BULAN BERJALAN BANUA'!$D:$D,$K11,'BULAN BERJALAN BANUA'!$H:$H) -> 0 | K11: 45932 | L11: 45963
B12: 3 | C12: =$C$6 -> 3333333.3 | D12: =SUMIF('BULAN BERJALAN BANUA'!D:D,$L12,'BULAN BERJALAN BANUA'!H:H) -> 0 | E12: =SUMIF('BULAN BERJALAN BANUA'!$D:$D,$K12,'BULAN BERJALAN BANUA'!$H:$H) -> 0 | K12: 45933 | L12: 45964
B13: 4 | C13: =$C$6 -> 3333333.3 | D13: =SUMIF('BULAN BERJALAN BANUA'!D:D,$L13,'BULAN BERJALAN BANUA'!H:H) -> 200000 | E13: =SUMIF('BULAN BERJALAN BANUA'!$D:$D,$K13,'BULAN BERJALAN BANUA'!$H:$H) -> 0 | K13: 45934 | L13: 45965
B14: 5 | C14: =$C$6 -> 3333333.3 | D14: =SUMIF('BULAN BERJALAN BANUA'!D:D,$L14,'BULAN BERJALAN BANUA'!H:H) -> 0 | E14: =SUMIF('BULAN BERJALAN BANUA'!$D:$D,$K14,'BULAN BERJALAN BANUA'!$H:$H) -> 0 | K14: 45935 | L14: 45966
B15: 6 | C15: =$C$6 -> 3333333.3 | D15: =SUMIF('BULAN BERJALAN BANUA'!D:D,$L15,'BULAN BERJALAN BANUA'!H:H) -> 0 | E15: =SUMIF('BULAN BERJALAN BANUA'!$D:$D,$K15,'BULAN BERJALAN BANUA'!$H:$H) -> 2580000 | K15: 45936 | L15: 45967
B16: 7 | C16: =$C$6 -> 3333333.3 | D16: =SUMIF('BULAN BERJALAN BANUA'!D:D,$L16,'BULAN BERJALAN BANUA'!H:H) -> 470000 | E16: =SUMIF('BULAN BERJALAN BANUA'!$D:$D,$K16,'BULAN BERJALAN BANUA'!$H:$H) -> 0 | K16: 45937 | L16: 45968
B17: 8 | C17: =$C$6 -> 3333333.3 | D17: =SUMIF('BULAN BERJALAN BANUA'!D:D,$L17,'BULAN BERJALAN BANUA'!H:H) -> 0 | E17: =SUMIF('BULAN BERJALAN BANUA'!$D:$D,$K17,'BULAN BERJALAN BANUA'!$H:$H) -> 3300000 | K17: 45938 | L17: 45969
B18: 9 | C18: =$C$6 -> 3333333.3 | D18: =SUMIF('BULAN BERJALAN BANUA'!D:D,$L18,'BULAN BERJALAN BANUA'!H:H) -> 0 | E18: =SUMIF('BULAN BERJALAN BANUA'!$D:$D,$K18,'BULAN BERJALAN BANUA'!$H:$H) -> 10420000 | K18: 45939 | L18: 45970
B19: 10 | C19: =$C$6 -> 3333333.3 | D19: =SUMIF('BULAN BERJALAN BANUA'!D:D,$L19,'BULAN BERJALAN BANUA'!H:H) -> 3145000 | E19: =SUMIF('BULAN BERJALAN BANUA'!$D:$D,$K19,'BULAN BERJALAN BANUA'!$H:$H) -> 0 | K19: 45940 | L19: 45971
B20: 11 | C20: =$C$6 -> 3333333.3 | D20: =SUMIF('BULAN BERJALAN BANUA'!D:D,$L20,'BULAN BERJALAN BANUA'!H:H) -> 0 | E20: =SUMIF('BULAN BERJALAN BANUA'!$D:$D,$K20,'BULAN BERJALAN BANUA'!$H:$H) -> 60000 | K20: 45941 | L20: 45972
B21: 12 | C21: =$C$6 -> 3333333.3 | D21: =SUMIF('BULAN BERJALAN BANUA'!D:D,$L21,'BULAN BERJALAN BANUA'!H:H) -> 11535000 | E21: =SUMIF('BULAN BERJALAN BANUA'!$D:$D,$K21,'BULAN BERJALAN BANUA'!$H:$H) -> 0 | K21: 45942 | L21: 45973
B22: 13 | C22: =$C$6 -> 3333333.3 | D22: =SUMIF('BULAN BERJALAN BANUA'!D:D,$L22,'BULAN BERJALAN BANUA'!H:H) -> 0 | E22: =SUMIF('BULAN BERJALAN BANUA'!$D:$D,$K22,'BULAN BERJALAN BANUA'!$H:$H) -> 4248000 | K22: 45943 | L22: 45974
... B39: 30 | C39: =$C$6 -> 3333333.3 | D39: =SUMIF('BULAN BERJALAN BANUA'!D:D,$L39,'BULAN BERJALAN BANUA'!H:H) -> 0 | E39: =SUMIF('BULAN BERJALAN BANUA'!$D:$D,$K39,'BULAN BERJALAN BANUA'!$H:$H) -> 0 | K39: 45960 | L39: 45991
B40: 31 | E40: =SUMIF('BULAN BERJALAN BANUA'!$D:$D,$K40,'BULAN BERJALAN BANUA'!$H:$H) -> 2275000 | K40: 45961
B43: TOTAL | C43: =SUM(C10:C40) -> 100000000 | D43: =SUM(D10:D41) -> 26910000 | E43: =SUM(E10:E41) -> 62902000
C45: Target | E45: =C43 -> 100000000
C46: Actual | E46: =D43 -> 26910000
C47: Bulan Lalu | E47: =E43 -> 62902000
C48: Achivement By Target | E48: =E46/E45 -> 0.2691
C49: Achivement By Bulan Lalu | E49: =E46/E47 -> 0.42780834

Sheet BULAN BERJALAN TANAKA
A1: IITEM CODE | B1: INSTANSI | C1: CUSTOMER | D1: DATE | E1: PRODUCT | F1: QTY | G1: PRICE | H1: TOTAL PRICE | I1: KETERANGAN | J1: Column 10
H2: =F2*G2 -> 0
H3: =F3*G3 -> 0
H4: =F4*G4 -> 0
H5: =F5*G5 -> 0
H6: =F6*G6 -> 0
H7: =F7*G7 -> 0
H8: =F8*G8 -> 0
H9: =F9*G9 -> 0
H10: =F10*G10 -> 0
C11: Ardi | D11: 46011 | E11: Atasan Custom Toyota | F11: 6 | G11: 172000 | H11: =F11*G11 -> 1032000
C12: Pak Agus | D12: 46004 | E12: Satu Set Honda Mobil | F12: 10 | G12: 265000 | H12: =F12*G12 -> 2650000
C13: =C14 -> PT Atmaja Dharma Artha | D13: =D14 -> 46003 | E13: =E14 -> ATASAN SERAGAM SAFETY + REFKLEKTOR | F13: 6 | G13: 138000 | H13: =F13*G13 -> 828000
C14: PT Atmaja Dharma Artha | D14: 46003 | E14: ATASAN SERAGAM SAFETY + REFKLEKTOR | F14: 56 | G14: 128000 | H14: =F14*G14 -> 7168000
C15: PKM Corner UII | D15: 45942 | E15: JAKET BOMBER | F15: 1 | G15: 200000 | H15: =F15*G15 -> 200000
C16: PKM Corner UII | D16: 45943 | E16: JAKET BOMBER | F16: 1 | G16: 100000 | H16: =F16*G16 -> 100000
C17: PKM Corner UII | D17: 45944 | E17: JAKET BOMBER | F17: 10 | G17: 190000 | H17: =F17*G17 -> 1900000
C18: PT atmaja dharma artha | D18: 45969 | E18: Kemeja dan Celanan Safety | F18: 1 | G18: 300000 | H18: =F18*G18 -> 300000
C19: Ahass Makmur Ambarawa | D19: 45964 | E19: Apron | F19: 5 | G19: 30000 | H19: =F19*G19 -> 150000
C20: Ahass Makmur Ambarawa | D20: 45965 | E20: Celana Mekanik Honda | F20: 2 | G20: 130000 | H20: =F20*G20 -> 260000
C21: Ahass Makmur Ambarawa | D21: 45966 | E21: Celana Mekanik Honda | F21: 2 | G21: 120000 | H21: =F21*G21 -> 240000
A22: UMUM KOMUNITAS | C22: Erviq | D22: 46029 | E22: celana spbu operator | F22: 6 | G22: 250000 | H22: =F22*G22 -> 1500000
A23: UMUM KOMUNITAS | C23: Erviq | D23: 46029 | E23: celana spbu operator | F23: 9 | G23: 260000 | H23: =F23*G23 -> 2340000
A24: HONDA MOTOR | C24: Pak Samsun | D24: 46034 | E24: Topi dan Apron | F24: 300 | G24: 21000 | H24: =F24*G24 -> 6300000
A25: HONDA MOTOR | C25: pak Umar (Ahass Paru Jaya Surabaya) | D25: 46036 | E25: FLP cowo kerah merah | F25: 1 | G25: 132000 | H25: =F25*G25 -> 132000
A26: UMUM COMPANY | B26: PT HALUAN DINAMIKA UTAMA | D26: 46041 | E26: Kemaja mekanik custom. | F26: 15 | G26: 130000 | H26: =F26*G26 -> 1950000
A27: HONDA MOTOR | C27: Muchamad syamsul maarif | D27: 46055 | E27: Kemeja FLP | F27: 2 | H27: 224262
A28: YAMAHA | C28: Atang | D28: 46056 | E28: Wearpack Yamaha Polos | F28: 4 | G28: 210000 | H28: =F28*G28 -> 840000 | I28: =sum(H27:H31) -> 12804262
A29: YAMAHA | C29: Atang | D29: 46056 | E29: Wearpack Yamaha Polos | F29: 2 | G29: 220000 | H29: =F29*G29 -> 440000
A30: UMUM COMPANY | B30: PT Atmaja Dharma Artha | C30: Roberty | D30: 46060 | E30: Polo safety + reflektor | F30: 70 | G30: 140000 | H30: =F30*G30 -> 9800000
A31: UMUM COMPANY | B31: PT Atmaja Dharma Artha | C31: Roberty | D31: 46060 | E31: Polo safety + reflektor | F31: 10 | G31: 150000 | H31: =F31*G31 -> 1500000
B32: Ahass Kurnia Motor Boyolali | C32: Pak Faisal | D32: 46086 | E32: Topi dan Apron | F32: 20 | G32: 23000 | H32: =F32*G32 -> 460000
H33: =F33*G33 -> 0
H34: =F34*G34 -> 0
H35: =F35*G35 -> 0
H36: =F36*G36 -> 0
H37: =F37*G37 -> 0
H38: =F38*G38 -> 0
H39: =F39*G39 -> 0
H40: =F40*G40 -> 0
H41: =F41*G41 -> 0
H42: =F42*G42 -> 0
H43: =F43*G43 -> 0
H44: =F44*G44 -> 0
... H337: =F337*G337 -> 0

Sheet LAPORAN HARIAN
C1: PENDAPATAN HARIAN NOVEMBER 2025
C2: TANGGAL | D2: 46030 | E2: Bulan Sblmnya
D3: 46023 | E3: Bulan Berjalan
C7: no | D7: Kategori | E7: tanggal | F7: Pendapatan | G7: Achivment
C8: 1 | D8: HONDA MOTOR | E8: =$D$2 -> 46030 | F8: =SUMIFS( 'BULAN BERJALAN BANUA'!H:H, 'BULAN BERJALAN BANUA'!A:A, $D$8, 'BULAN BERJALAN BANUA'!D:D, ">="&EOMONTH(E8,-1)+1, 'BULAN BERJALAN BANUA'!D:D, "<="&E8) -> 900000 | G8: =IF(F8=0, 0, F9/F8) -> 1
E9: =$D$3 -> 46023 | F9: =SUMIFS( 'BULAN BERJALAN BANUA'!H:H, 'BULAN BERJALAN BANUA'!A:A, $D$8, 'BULAN BERJALAN BANUA'!D:D, ">="&EOMONTH(E9,-1)+1, 'BULAN BERJALAN BANUA'!D:D, "<="&E9) -> 900000
C10: 2 | D10: WULING | E10: =$D$2 -> 46030 | F10: =SUMIFS( 'BULAN BERJALAN BANUA'!H:H, 'BULAN BERJALAN BANUA'!A:A, $D$10, 'BULAN BERJALAN BANUA'!D:D, ">="&EOMONTH(E10,-1)+1, 'BULAN BERJALAN BANUA'!D:D, "<="&E10) -> 0 | G10: =IF(F10=0, 0, F11/F10) -> 0
E11: =$D$3 -> 46023 | F11: =SUMIFS( 'BULAN BERJALAN BANUA'!H:H, 'BULAN BERJALAN BANUA'!A:A, $D$10, 'BULAN BERJALAN BANUA'!D:D, ">="&EOMONTH(E11,-1)+1, 'BULAN BERJALAN BANUA'!D:D, "<="&E11) -> 0
C12: 3 | D12: HONDA MOBIL | E12: =$D$2 -> 46030 | F12: =SUMIFS( 'BULAN BERJALAN BANUA'!H:H, 'BULAN BERJALAN BANUA'!A:A, $D$12, 'BULAN BERJALAN BANUA'!D:D, ">="&EOMONTH(E12,-1)+1, 'BULAN BERJALAN BANUA'!D:D, "<="&E12) -> 0 | G12: =IF(F12=0, 0, F13/F12) -> 0
E13: =$D$3 -> 46023 | F13: =SUMIFS( 'BULAN BERJALAN BANUA'!H:H, 'BULAN BERJALAN BANUA'!A:A, $D$12, 'BULAN BERJALAN BANUA'!D:D, ">="&EOMONTH(E13,-1)+1, 'BULAN BERJALAN BANUA'!D:D, "<="&E13) -> 0
C14: 4 | D14: SUZUKI | E14: =$D$2 -> 46030 | F14: =SUMIFS( 'BULAN BERJALAN BANUA'!H:H, 'BULAN BERJALAN BANUA'!A:A, $D$14, 'BULAN BERJALAN BANUA'!D:D, ">="&EOMONTH(E14,-1)+1, 'BULAN BERJALAN BANUA'!D:D, "<="&E14) -> 0 | G14: =IF(F14=0, 0, F15/F14) -> 0
E15: =$D$3 -> 46023 | F15: =SUMIFS( 'BULAN BERJALAN BANUA'!H:H, 'BULAN BERJALAN BANUA'!A:A, $D$14, 'BULAN BERJALAN BANUA'!D:D, ">="&EOMONTH(E15,-1)+1, 'BULAN BERJALAN BANUA'!D:D, "<="&E15) -> 0
C16: 5 | D16: DAIHATSU | E16: =$D$2 -> 46030 | F16: =SUMIFS( 'BULAN BERJALAN BANUA'!H:H, 'BULAN BERJALAN BANUA'!A:A, $D$16, 'BULAN BERJALAN BANUA'!D:D, ">="&EOMONTH(E16,-1)+1, 'BULAN BERJALAN BANUA'!D:D, "<="&E16) -> 0 | G16: =IF(F16=0, 0, F17/F16) -> 0
E17: =$D$3 -> 46023 | F17: =SUMIFS( 'BULAN BERJALAN BANUA'!H:H, 'BULAN BERJALAN BANUA'!A:A, $D$16, 'BULAN BERJALAN BANUA'!D:D, ">="&EOMONTH(E17,-1)+1, 'BULAN BERJALAN BANUA'!D:D, "<="&E17) -> 0
C18: 6 | D18: MITSUBISHI | E18: =$D$2 -> 46030 | F18: =SUMIFS( 'BULAN BERJALAN BANUA'!H:H, 'BULAN BERJALAN BANUA'!A:A, $D$18, 'BULAN BERJALAN BANUA'!D:D, ">="&EOMONTH(E18,-1)+1, 'BULAN BERJALAN BANUA'!D:D, "<="&E18) -> 0 | G18: =IF(F18=0, 0, F19/F18) -> 0
E19: =$D$3 -> 46023 | F19: =SUMIFS( 'BULAN BERJALAN BANUA'!H:H, 'BULAN BERJALAN BANUA'!A:A, $D$18, 'BULAN BERJALAN BANUA'!D:D, ">="&EOMONTH(E19,-1)+1, 'BULAN BERJALAN BANUA'!D:D, "<="&E19) -> 0
C20: 7 | D20: MAZDA | E20: =$D$2 -> 46030 | F20: =SUMIFS( 'BULAN BERJALAN BANUA'!H:H, 'BULAN BERJALAN BANUA'!A:A, $D$20, 'BULAN BERJALAN BANUA'!D:D, ">="&EOMONTH(E20,-1)+1, 'BULAN BERJALAN BANUA'!D:D, "<="&E20) -> 0 | G20: =IF(F20=0, 0, F21/F20) -> 0
E21: =$D$3 -> 46023 | F21: =SUMIFS( 'BULAN BERJALAN BANUA'!H:H, 'BULAN BERJALAN BANUA'!A:A, $D$20, 'BULAN BERJALAN BANUA'!D:D, ">="&EOMONTH(E21,-1)+1, 'BULAN BERJALAN BANUA'!D:D, "<="&E21) -> 0
C22: 8 | D22: TOYOTA | E22: =$D$2 -> 46030 | F22: =SUMIFS( 'BULAN BERJALAN BANUA'!H:H, 'BULAN BERJALAN BANUA'!A:A, $D$22, 'BULAN BERJALAN BANUA'!D:D, ">="&EOMONTH(E22,-1)+1, 'BULAN BERJALAN BANUA'!D:D, "<="&E22) -> 1900000 | G22: =IF(F22=0, 0, F23/F22) -> 0
E23: =$D$3 -> 46023 | F23: =SUMIFS( 'BULAN BERJALAN BANUA'!H:H, 'BULAN BERJALAN BANUA'!A:A, $D$22, 'BULAN BERJALAN BANUA'!D:D, ">="&EOMONTH(E23,-1)+1, 'BULAN BERJALAN BANUA'!D:D, "<="&E23) -> 0
C24: 9 | D24: YAMAHA | E24: =$D$2 -> 46030 | F24: =SUMIFS( 'BULAN BERJALAN BANUA'!H:H, 'BULAN BERJALAN BANUA'!A:A, $D$24, 'BULAN BERJALAN BANUA'!D:D, ">="&EOMONTH(E24,-1)+1, 'BULAN BERJALAN BANUA'!D:D, "<="&E24) -> 0 | G24: =IF(F24=0, 0, F25/F24) -> 0
E25: =$D$3 -> 46023 | F25: =SUMIFS( 'BULAN BERJALAN BANUA'!H:H, 'BULAN BERJALAN BANUA'!A:A, $D$24, 'BULAN BERJALAN BANUA'!D:D, ">="&EOMONTH(E25,-1)+1, 'BULAN BERJALAN BANUA'!D:D, "<="&E25) -> 0
C26: 10 | D26: SMK TBSM HONDA | E26: =$D$2 -> 46030 | F26: =SUMIFS( 'BULAN BERJALAN BANUA'!H:H, 'BULAN BERJALAN BANUA'!A:A, $D$26, 'BULAN BERJALAN BANUA'!D:D, ">="&EOMONTH(E26,-1)+1, 'BULAN BERJALAN BANUA'!D:D, "<="&E26) -> 0 | G26: =IF(F26=0, 0, F27/F26) -> 0
E27: =$D$3 -> 46023 | F27: =SUMIFS( 'BULAN BERJALAN BANUA'!H:H, 'BULAN BERJALAN BANUA'!A:A, $D$26, 'BULAN BERJALAN BANUA'!D:D, ">="&EOMONTH(E27,-1)+1, 'BULAN BERJALAN BANUA'!D:D, "<="&E27) -> 0
C28: 11 | D28: SMK NON TBSM | E28: =$D$2 -> 46030 | F28: =SUMIFS( 'BULAN BERJALAN BANUA'!H:H, 'BULAN BERJALAN BANUA'!A:A, $D$28, 'BULAN BERJALAN BANUA'!D:D, ">="&EOMONTH(E28,-1)+1, 'BULAN BERJALAN BANUA'!D:D, "<="&E28) -> 2340000 | G28: =IF(F28=0, 0, F29/F28) -> 0
E29: =$D$3 -> 46023 | F29: =SUMIFS( 'BULAN BERJALAN BANUA'!H:H, 'BULAN BERJALAN BANUA'!A:A, $D$28, 'BULAN BERJALAN BANUA'!D:D, ">="&EOMONTH(E29,-1)+1, 'BULAN BERJALAN BANUA'!D:D, "<="&E29) -> 0
C30: 12 | D30: TK | E30: =$D$2 -> 46030 | F30: =SUMIFS( 'BULAN BERJALAN BANUA'!H:H, 'BULAN BERJALAN BANUA'!A:A, $D$30, 'BULAN BERJALAN BANUA'!D:D, ">="&EOMONTH(E30,-1)+1, 'BULAN BERJALAN BANUA'!D:D, "<="&E30) -> 0 | G30: =IF(F30=0, 0, F31/F30) -> 0
E31: =$D$3 -> 46023 | F31: =SUMIFS( 'BULAN BERJALAN BANUA'!H:H, 'BULAN BERJALAN BANUA'!A:A, $D$30, 'BULAN BERJALAN BANUA'!D:D, ">="&EOMONTH(E31,-1)+1, 'BULAN BERJALAN BANUA'!D:D, "<="&E31) -> 0
C32: 10 | D32: UMUM KAMPUS | E32: =$D$2 -> 46030 | F32: =SUMIFS( 'BULAN BERJALAN BANUA'!H:H, 'BULAN BERJALAN BANUA'!A:A, $D$32, 'BULAN BERJALAN BANUA'!D:D, ">="&EOMONTH(E32,-1)+1, 'BULAN BERJALAN BANUA'!D:D, "<="&E32) -> 0 | G32: =IF(F32=0, 0, F33/F32) -> 0
E33: =$D$3 -> 46023 | F33: =SUMIFS( 'BULAN BERJALAN BANUA'!H:H, 'BULAN BERJALAN BANUA'!A:A, $D$32, 'BULAN BERJALAN BANUA'!D:D, ">="&EOMONTH(E33,-1)+1, 'BULAN BERJALAN BANUA'!D:D, "<="&E33) -> 0
C34: 11 | D34: UMUM COMPANY | E34: =$D$2 -> 46030 | F34: =SUMIFS( 'BULAN BERJALAN BANUA'!H:H, 'BULAN BERJALAN BANUA'!A:A, $D$34, 'BULAN BERJALAN BANUA'!D:D, ">="&EOMONTH(E34,-1)+1, 'BULAN BERJALAN BANUA'!D:D, "<="&E34) -> 0 | G34: =IF(F34=0, 0, F35/F34) -> 0
E35: =$D$3 -> 46023 | F35: =SUMIFS( 'BULAN BERJALAN BANUA'!H:H, 'BULAN BERJALAN BANUA'!A:A, $D$34, 'BULAN BERJALAN BANUA'!D:D, ">="&EOMONTH(E35,-1)+1, 'BULAN BERJALAN BANUA'!D:D, "<="&E35) -> 0
C36: 12 | D36: UMUM KOMUNITAS | E36: =$D$2 -> 46030 | F36: =SUMIFS( 'BULAN BERJALAN BANUA'!H:H, 'BULAN BERJALAN BANUA'!A:A, $D$36, 'BULAN BERJALAN BANUA'!D:D, ">="&EOMONTH(E36,-1)+1, 'BULAN BERJALAN BANUA'!D:D, "<="&E36) -> 0 | G36: =IF(F36=0, 0, F37/F36) -> 0
E37: =$D$3 -> 46023 | F37: =SUMIFS( 'BULAN BERJALAN BANUA'!H:H, 'BULAN BERJALAN BANUA'!A:A, $D$36, 'BULAN BERJALAN BANUA'!D:D, ">="&EOMONTH(E37,-1)+1, 'BULAN BERJALAN BANUA'!D:D, "<="&E37) -> 0
C38: 13 | D38: TOTAL | E38: =$D$2 -> 46030 | F38: =F8+F10+F12+F14+F16+F18+F20+F22+F24+F26+F28+F30+F32+F34+F36 -> 5140000 | G38: =IF(F38=0, 0, F39/F38) -> 0.17509728
E39: =$D$3 -> 46023 | F39: =F9+F11+F13+F15+F17+F19+F21+F23+F25+F27+F29+F31+F33+F35+F37 -> 900000

Sheet LAPORAN BULANAN
C1: PENDAPATAN BULANAN [PERBANDINGAN BULAN DAN TAHUNNYA]
E2: BULAN | F2: 46054 | G2: Bulan
F3: 46054 | G3: Bulan Berjalan
C5: no | D5: Kategori | E5: tanggal | F5: Pendapatan | G5: Achivment
C6: 1 | D6: HONDA MOTOR | E6: =$F$2 -> 46054 | F6: =SUMIFS('BULAN BERJALAN BANUA'!H:H, 'BULAN BERJALAN BANUA'!A:A,$D$6, 'BULAN BERJALAN BANUA'!D:D,">="&EOMONTH(E6-1)+1, 'BULAN BERJALAN BANUA'!D:D,"<="&EOMONTH(E6,0)) -> 0 | G6: =IF(F6=0, 0, F7/F6) -> 0
E7: =$F$3 -> 46054 | F7: =SUMIFS('BULAN BERJALAN BANUA'!H:H, 'BULAN BERJALAN BANUA'!A:A,$D$7, 'BULAN BERJALAN BANUA'!D:D,">="&EOMONTH(E7,-1)+1, 'BULAN BERJALAN BANUA'!D:D,"<="&EOMONTH(E7,0)) -> 0
C8: 2 | D8: WULING | E8: =$F$2 -> 46054 | F8: =SUMIFS('BULAN BERJALAN BANUA'!H:H, 'BULAN BERJALAN BANUA'!A:A,$D$8, 'BULAN BERJALAN BANUA'!D:D,">="&EOMONTH(E8,-1)+1, 'BULAN BERJALAN BANUA'!D:D,"<="&EOMONTH(E8,0)) -> 0 | G8: =IF(F8=0, 0, F9/F8) -> 0
E9: =$F$3 -> 46054 | F9: =SUMIFS('BULAN BERJALAN BANUA'!H:H, 'BULAN BERJALAN BANUA'!A:A,$D$8, 'BULAN BERJALAN BANUA'!D:D,">="&EOMONTH(E9,-1)+1, 'BULAN BERJALAN BANUA'!D:D,"<="&EOMONTH(E9,0)) -> 0
C10: 3 | D10: HONDA MOBIL | E10: =$F$2 -> 46054 | F10: =SUMIFS('BULAN BERJALAN BANUA'!H:H, 'BULAN BERJALAN BANUA'!A:A,$D$11, 'BULAN BERJALAN BANUA'!D:D,">="&EOMONTH(E10,-1)+1, 'BULAN BERJALAN BANUA'!D:D,"<="&EOMONTH(E10,0)) -> 0 | G10: =IF(F10=0, 0, F11/F10) -> 0
E11: =$F$3 -> 46054 | F11: =SUMIFS('BULAN BERJALAN BANUA'!H:H, 'BULAN BERJALAN BANUA'!A:A,$D$11, 'BULAN BERJALAN BANUA'!D:D,">="&EOMONTH(E11,-1)+1, 'BULAN BERJALAN BANUA'!D:D,"<="&EOMONTH(E11,0)) -> 0
C12: 4 | D12: SUZUKI | E12: =$F$2 -> 46054 | F12: =SUMIFS('BULAN BERJALAN BANUA'!H:H, 'BULAN BERJALAN BANUA'!A:A,$D$12, 'BULAN BERJALAN BANUA'!D:D,">="&EOMONTH(E12,-1)+1, 'BULAN BERJALAN BANUA'!D:D,"<="&EOMONTH(E12,0)) -> 0 | G12: =IF(F12=0, 0, F13/F12) -> 0
E13: =$F$3 -> 46054 | F13: =SUMIFS('BULAN BERJALAN BANUA'!H:H, 'BULAN BERJALAN BANUA'!A:A,$D$12, 'BULAN BERJALAN BANUA'!D:D,">="&EOMONTH(E13,-1)+1, 'BULAN BERJALAN BANUA'!D:D,"<="&EOMONTH(E13,0)) -> 0
C14: 5 | D14: DAIHATSU | E14: =$F$2 -> 46054 | F14: =SUMIFS('BULAN BERJALAN BANUA'!H:H, 'BULAN BERJALAN BANUA'!A:A,$D$14, 'BULAN BERJALAN BANUA'!D:D,">="&EOMONTH(E16,-1)+1, 'BULAN BERJALAN BANUA'!D:D,"<="&EOMONTH(E16,0)) -> 0 | G14: =IF(F14=0, 0, F15/F14) -> 0
E15: =$F$3 -> 46054 | F15: =SUMIFS( 'BULAN BERJALAN BANUA'!H:H, 'BULAN BERJALAN BANUA'!A:A,, 'BULAN BERJALAN BANUA'!D:D,">="&EOMONTH(D3,-1)+1, 'BULAN BERJALAN BANUA'!D:D,"<="&EOMONTH(D3,0) ) -> 0
C16: 6 | D16: MITSUBISHI | E16: =$F$2 -> 46054 | F16: =SUMIFS( 'BULAN BERJALAN BANUA'!H:H, 'BULAN BERJALAN BANUA'!A:A,$D$16, 'BULAN BERJALAN BANUA'!D:D,">="&EOMONTH(E16,-1)+1, 'BULAN BERJALAN BANUA'!D:D,"<="&EOMONTH(E16,0) ) -> 0 | G16: =IF(F16=0, 0, F17/F16) -> 0
E17: =$F$3 -> 46054 | F17: =SUMIFS( 'BULAN BERJALAN BANUA'!H:H, 'BULAN BERJALAN BANUA'!A:A,$D$16, 'BULAN BERJALAN BANUA'!D:D,">="&EOMONTH(E17,-1)+1, 'BULAN BERJALAN BANUA'!D:D,"<="&EOMONTH(E17,0) ) -> 0
C18: 7 | D18: MAZDA | E18: =$F$2 -> 46054 | F18: =SUMIFS( 'BULAN BERJALAN BANUA'!H:H, 'BULAN BERJALAN BANUA'!A:A,$D$18, 'BULAN BERJALAN BANUA'!D:D,">="&EOMONTH(E18,-1)+1, 'BULAN BERJALAN BANUA'!D:D,"<="&EOMONTH(E18,0) ) -> 0 | G18: =IF(F18=0, 0, F19/F18) -> 0
E19: =$F$3 -> 46054 | F19: =SUMIFS( 'BULAN BERJALAN BANUA'!H:H, 'BULAN BERJALAN BANUA'!A:A,D18, 'BULAN BERJALAN BANUA'!D:D,">="&EOMONTH(E18,-1)+1, 'BULAN BERJALAN BANUA'!D:D,"<="&EOMONTH(E19,0) ) -> 0
C20: 8 | D20: TOYOTA | E20: =$F$2 -> 46054 | F20: =SUMIFS( 'BULAN BERJALAN BANUA'!H:H, 'BULAN BERJALAN BANUA'!A:A,$D$20, 'BULAN BERJALAN BANUA'!D:D,">="&EOMONTH(E20,-1)+1, 'BULAN BERJALAN BANUA'!D:D,"<="&EOMONTH(E20,0) ) -> 3400000 | G20: =IF(F20=0, 0, F21/F20) -> 1
E21: =$F$3 -> 46054 | F21: =SUMIFS( 'BULAN BERJALAN BANUA'!H:H, 'BULAN BERJALAN BANUA'!A:A,D20, 'BULAN BERJALAN BANUA'!D:D,">="&EOMONTH(E21,-1)+1, 'BULAN BERJALAN BANUA'!D:D,"<="&EOMONTH(E21,0) ) -> 3400000
C22: 9 | D22: YAMAHA | E22: =$F$2 -> 46054 | F22: =SUMIFS( 'BULAN BERJALAN BANUA'!H:H, 'BULAN BERJALAN BANUA'!A:A,$D$22, 'BULAN BERJALAN BANUA'!D:D,">="&EOMONTH(E22,-1)+1, 'BULAN BERJALAN BANUA'!D:D,"<="&EOMONTH(E22,0) ) -> 0 | G22: =IF(F22=0, 0, F23/F22) -> 0
E23: =$F$3 -> 46054 | F23: =SUMIFS( 'BULAN BERJALAN BANUA'!H:H, 'BULAN BERJALAN BANUA'!A:A,$D$22, 'BULAN BERJALAN BANUA'!D:D,">="&EOMONTH(E23,-1)+1, 'BULAN BERJALAN BANUA'!D:D,"<="&EOMONTH(E23,0) ) -> 0
C24: 10 | D24: SMK TBSM HONDA | E24: =$F$2 -> 46054 | F24: =SUMIFS( 'BULAN BERJALAN BANUA'!H:H, 'BULAN BERJALAN BANUA'!A:A,$D$24, 'BULAN BERJALAN BANUA'!D:D,">="&EOMONTH(E24,-1)+1, 'BULAN BERJALAN BANUA'!D:D,"<="&EOMONTH(E24,0) ) -> 0 | G24: =IF(F24=0, 0, F25/F24) -> 0
E25: =$F$3 -> 46054 | F25: =SUMIFS('BULAN BERJALAN BANUA'!H:H, 'BULAN BERJALAN BANUA'!A:A,$D$25, 'BULAN BERJALAN BANUA'!D:D,">="&EOMONTH(E25,-1)+1, 'BULAN BERJALAN BANUA'!D:D,"<="&EOMONTH(E25,0)) -> 0
C26: 11 | D26: SMK NON TBSM | E26: =$F$2 -> 46054 | F26: =SUMIFS('BULAN BERJALAN BANUA'!H:H, 'BULAN BERJALAN BANUA'!A:A,$D$27, 'BULAN BERJALAN BANUA'!D:D,">="&EOMONTH(E26,-1)+1, 'BULAN BERJALAN BANUA'!D:D,"<="&EOMONTH(E26,0)) -> 0 | G26: =IF(F26=0, 0, F27/F26) -> 0
E27: =$F$3 -> 46054 | F27: =SUMIFS('BULAN BERJALAN BANUA'!H:H, 'BULAN BERJALAN BANUA'!A:A,$D$27, 'BULAN BERJALAN BANUA'!D:D,">="&EOMONTH(E27,-1)+1, 'BULAN BERJALAN BANUA'!D:D,"<="&EOMONTH(E27,0)) -> 0
C28: 12 | D28: TK | E28: =$F$2 -> 46054 | F28: =SUMIFS('BULAN BERJALAN BANUA'!H:H, 'BULAN BERJALAN BANUA'!A:A,$D$28, 'BULAN BERJALAN BANUA'!D:D,">="&EOMONTH(E28,-1)+1, 'BULAN BERJALAN BANUA'!D:D,"<="&EOMONTH(E28,0)) -> 0 | G28: =IF(F28=0, 0, F29/F28) -> 0
E29: =$F$3 -> 46054 | F29: =IFERROR(SUMIFS('LAPORAN HARIAN'!D:D,'LAPORAN HARIAN'!B:B,$C29,'LAPORAN HARIAN'!C:C,$E29),0) -> 0
C30: 10 | D30: UMUM KAMPUS | E30: =$F$2 -> 46054 | F30: =SUMIFS('BULAN BERJALAN BANUA'!H:H, 'BULAN BERJALAN BANUA'!A:A,$D$31, 'BULAN BERJALAN BANUA'!D:D,">="&EOMONTH(E30,-1)+1, 'BULAN BERJALAN BANUA'!D:D,"<="&EOMONTH(E30,0)) -> 0 | G30: =IF(F30=0, 0, F31/F30) -> 0
E31: =$F$3 -> 46054 | F31: =IFERROR(SUMIFS('LAPORAN HARIAN'!D:D,'LAPORAN HARIAN'!B:B,$C31,'LAPORAN HARIAN'!C:C,$E31),0) -> 0
C32: 11 | D32: UMUM COMPANY | E32: =$F$2 -> 46054 | F32: =SUMIFS('BULAN BERJALAN BANUA'!H:H, 'BULAN BERJALAN BANUA'!A:A,$D$33, 'BULAN BERJALAN BANUA'!D:D,">="&EOMONTH(E32,-1)+1, 'BULAN BERJALAN BANUA'!D:D,"<="&EOMONTH(E32,0)) -> 0 | G32: =IF(F32=0, 0, F33/F32) -> 0
E33: =$F$3 -> 46054 | F33: =SUMIFS('BULAN BERJALAN BANUA'!H:H, 'BULAN BERJALAN BANUA'!A:A,$D$33, 'BULAN BERJALAN BANUA'!D:D,">="&EOMONTH(E33,-1)+1, 'BULAN BERJALAN BANUA'!D:D,"<="&EOMONTH(E33,0)) -> 0
C34: 12 | D34: UMUM KOMUNITAS | E34: =$F$2 -> 46054 | F34: =SUMIFS('BULAN BERJALAN BANUA'!H:H, 'BULAN BERJALAN BANUA'!A:A,$D$35, 'BULAN BERJALAN BANUA'!D:D,">="&EOMONTH(E34,-1)+1, 'BULAN BERJALAN BANUA'!D:D,"<="&EOMONTH(E34,0)) -> 0 | G34: =IF(F34=0, 0, F35/F34) -> 0
E35: =$F$3 -> 46054 | F35: =SUMIFS('BULAN BERJALAN BANUA'!H:H, 'BULAN BERJALAN BANUA'!A:A,D34, 'BULAN BERJALAN BANUA'!D:D,">="&EOMONTH(E35,-1)+1, 'BULAN BERJALAN BANUA'!D:D,"<="&EOMONTH(E35,0)) -> 0
C36: 13 | D36: TOTAL | E36: =$F$2 -> 46054 | F36: =F6+F8+F10+F12+F14+F16+F18+F20+F22+F24+F26+F28+F30+F32+F34 -> 3400000 | G36: =IF(F36=0, 0, F37/F36) -> 1
E37: =$F$3 -> 46054 | F37: =F7+F9+F11+F13+F15+F17+F19+F21+F23+F25+F27+F29+F31+F33+F35 -> 3400000

Sheet LAPORAN TGL
C1: PENDAPATAN HARIAN NOVEMBER 2025 [PERBANDINGAN PER TANGGAL]
C2: TANGGAL | D2: 46030 | E2: TGL Sblmnya | I2: A
D3: 46066 | E3: TGL Berjalan
C5: no | D5: Kategori | E5: tanggal | F5: Pendapatan | G5: Achivment | H5: Selisih
C6: 1 | D6: HONDA MOTOR | E6: =$D$2 -> 46030 | F6: =SUMIFS('BULAN BERJALAN BANUA'!H:H,'BULAN BERJALAN BANUA'!A:A,$D$6,'BULAN BERJALAN BANUA'!D:D,">="&EOMONTH(E6,-1)+1,'BULAN BERJALAN BANUA'!D:D,"<="&E6) -> 900000 | G6: =IF(F6=0, 0, F7/F6) -> 1.4777778 | H6: =abs(F6-F7) -> 430000
E7: =$D$3 -> 46066 | F7: =SUMIFS( 'BULAN BERJALAN BANUA'!H:H, 'BULAN BERJALAN BANUA'!A:A, $D$6, 'BULAN BERJALAN BANUA'!D:D, ">="&EOMONTH(E7,-1)+1, 'BULAN BERJALAN BANUA'!D:D, "<="&E7) -> 1330000
C8: 2 | D8: WULING | E8: =$D$2 -> 46030 | F8: =SUMIFS( 'BULAN BERJALAN BANUA'!H:H, 'BULAN BERJALAN BANUA'!A:A, $D$8, 'BULAN BERJALAN BANUA'!D:D, ">="&EOMONTH(E8,-1)+1, 'BULAN BERJALAN BANUA'!D:D, "<="&E8) -> 0 | G8: =IF(F8=0, 0, F9/F8) -> 0 | H8: =abs(F8-F9) -> 0
E9: =$D$3 -> 46066 | F9: =SUMIFS( 'BULAN BERJALAN BANUA'!H:H, 'BULAN BERJALAN BANUA'!A:A, $D$8, 'BULAN BERJALAN BANUA'!D:D, ">="&EOMONTH(E9,-1)+1, 'BULAN BERJALAN BANUA'!D:D, "<="&E9) -> 0
C10: 3 | D10: HONDA MOBIL | E10: =$D$2 -> 46030 | F10: =SUMIFS( 'BULAN BERJALAN BANUA'!H:H, 'BULAN BERJALAN BANUA'!A:A, $D$10, 'BULAN BERJALAN BANUA'!D:D, ">="&EOMONTH(E10,-1)+1, 'BULAN BERJALAN BANUA'!D:D, "<="&E10) -> 0 | G10: =IF(F10=0, 0, F11/F10) -> 0 | H10: =abs(F10-F11) -> 0
E11: =$D$3 -> 46066 | F11: =SUMIFS( 'BULAN BERJALAN BANUA'!H:H, 'BULAN BERJALAN BANUA'!A:A, $D$10, 'BULAN BERJALAN BANUA'!D:D, ">="&EOMONTH(E11,-1)+1, 'BULAN BERJALAN BANUA'!D:D, "<="&E11) -> 0
C12: 4 | D12: SUZUKI | E12: =$D$2 -> 46030 | F12: =SUMIFS( 'BULAN BERJALAN BANUA'!H:H, 'BULAN BERJALAN BANUA'!A:A, $D$12, 'BULAN BERJALAN BANUA'!D:D, ">="&EOMONTH(E12,-1)+1, 'BULAN BERJALAN BANUA'!D:D, "<="&E12) -> 0 | G12: =IF(F12=0, 0, F13/F12) -> 0 | H12: =abs(F12-F13) -> 0
E13: =$D$3 -> 46066 | F13: =SUMIFS( 'BULAN BERJALAN BANUA'!H:H, 'BULAN BERJALAN BANUA'!A:A, $D$12, 'BULAN BERJALAN BANUA'!D:D, ">="&EOMONTH(E13,-1)+1, 'BULAN BERJALAN BANUA'!D:D, "<="&E13) -> 0
C14: 5 | D14: DAIHATSU | E14: =$D$2 -> 46030 | F14: =SUMIFS( 'BULAN BERJALAN BANUA'!H:H, 'BULAN BERJALAN BANUA'!A:A, $D$14, 'BULAN BERJALAN BANUA'!D:D, ">="&EOMONTH(E14,-1)+1, 'BULAN BERJALAN BANUA'!D:D, "<="&E14) -> 0 | G14: =IF(F14=0, 0, F15/F14) -> 0 | H14: =abs(F14-F15) -> 0
E15: =$D$3 -> 46066 | F15: =SUMIFS( 'BULAN BERJALAN BANUA'!H:H, 'BULAN BERJALAN BANUA'!A:A, $D$14, 'BULAN BERJALAN BANUA'!D:D, ">="&EOMONTH(E15,-1)+1, 'BULAN BERJALAN BANUA'!D:D, "<="&E15) -> 0
C16: 6 | D16: MITSUBISHI | E16: =$D$2 -> 46030 | F16: =SUMIFS( 'BULAN BERJALAN BANUA'!H:H, 'BULAN BERJALAN BANUA'!A:A, $D$16, 'BULAN BERJALAN BANUA'!D:D, ">="&EOMONTH(E16,-1)+1, 'BULAN BERJALAN BANUA'!D:D, "<="&E16) -> 0 | G16: =IF(F16=0, 0, F17/F16) -> 0 | H16: =abs(F16-F17) -> 0
E17: =$D$3 -> 46066 | F17: =SUMIFS( 'BULAN BERJALAN BANUA'!H:H, 'BULAN BERJALAN BANUA'!A:A, $D$16, 'BULAN BERJALAN BANUA'!D:D, ">="&EOMONTH(E17,-1)+1, 'BULAN BERJALAN BANUA'!D:D, "<="&E17) -> 0
C18: 7 | D18: MAZDA | E18: =$D$2 -> 46030 | F18: =SUMIFS( 'BULAN BERJALAN BANUA'!H:H, 'BULAN BERJALAN BANUA'!A:A, $D$18, 'BULAN BERJALAN BANUA'!D:D, ">="&EOMONTH(E18,-1)+1, 'BULAN BERJALAN BANUA'!D:D, "<="&E18) -> 0 | G18: =IF(F18=0, 0, F19/F18) -> 0 | H18: =abs(F18-F19) -> 0
E19: =$D$3 -> 46066 | F19: =SUMIFS( 'BULAN BERJALAN BANUA'!H:H, 'BULAN BERJALAN BANUA'!A:A, $D$18, 'BULAN BERJALAN BANUA'!D:D, ">="&EOMONTH(E19,-1)+1, 'BULAN BERJALAN BANUA'!D:D, "<="&E19) -> 0
C20: 8 | D20: TOYOTA | E20: =$D$2 -> 46030 | F20: =SUMIFS( 'BULAN BERJALAN BANUA'!H:H, 'BULAN BERJALAN BANUA'!A:A, $D$20, 'BULAN BERJALAN BANUA'!D:D, ">="&EOMONTH(E20,-1)+1, 'BULAN BERJALAN BANUA'!D:D, "<="&E20) -> 1900000 | G20: =IF(F20=0, 0, F21/F20) -> 1.7894737 | H20: =abs(F20-F21) -> 1500000
E21: =$D$3 -> 46066 | F21: =SUMIFS( 'BULAN BERJALAN BANUA'!H:H, 'BULAN BERJALAN BANUA'!A:A, $D$20, 'BULAN BERJALAN BANUA'!D:D, ">="&EOMONTH(E21,-1)+1, 'BULAN BERJALAN BANUA'!D:D, "<="&E21) -> 3400000
C22: 9 | D22: YAMAHA | E22: =$D$2 -> 46030 | F22: =SUMIFS( 'BULAN BERJALAN BANUA'!H:H, 'BULAN BERJALAN BANUA'!A:A, $D$22, 'BULAN BERJALAN BANUA'!D:D, ">="&EOMONTH(E22,-1)+1, 'BULAN BERJALAN BANUA'!D:D, "<="&E22) -> 0 | G22: =IF(F22=0, 0, F23/F22) -> 0 | H22: =abs(F22-F23) -> 0
E23: =$D$3 -> 46066 | F23: =SUMIFS( 'BULAN BERJALAN BANUA'!H:H, 'BULAN BERJALAN BANUA'!A:A, $D$22, 'BULAN BERJALAN BANUA'!D:D, ">="&EOMONTH(E23,-1)+1, 'BULAN BERJALAN BANUA'!D:D, "<="&E23) -> 0
C24: 10 | D24: SMK TBSM HONDA | E24: =$D$2 -> 46030 | F24: =SUMIFS( 'BULAN BERJALAN BANUA'!H:H, 'BULAN BERJALAN BANUA'!A:A, $D$24, 'BULAN BERJALAN BANUA'!D:D, ">="&EOMONTH(E24,-1)+1, 'BULAN BERJALAN BANUA'!D:D, "<="&E24) -> 0 | G24: =IF(F24=0, 0, F25/F24) -> 0 | H24: =abs(F24-F25) -> 0
E25: =$D$3 -> 46066 | F25: =SUMIFS( 'BULAN BERJALAN BANUA'!H:H, 'BULAN BERJALAN BANUA'!A:A, $D$24, 'BULAN BERJALAN BANUA'!D:D, ">="&EOMONTH(E25,-1)+1, 'BULAN BERJALAN BANUA'!D:D, "<="&E25) -> 0
C26: 11 | D26: SMK NON TBSM | E26: =$D$2 -> 46030 | F26: =SUMIFS( 'BULAN BERJALAN BANUA'!H:H, 'BULAN BERJALAN BANUA'!A:A, $D$26, 'BULAN BERJALAN BANUA'!D:D, ">="&EOMONTH(E26,-1)+1, 'BULAN BERJALAN BANUA'!D:D, "<="&E26) -> 2340000 | G26: =IF(F26=0, 0, F27/F26) -> 0.34188034 | H26: =abs(F26-F27) -> 1540000
E27: =$D$3 -> 46066 | F27: =SUMIFS( 'BULAN BERJALAN BANUA'!H:H, 'BULAN BERJALAN BANUA'!A:A, $D$26, 'BULAN BERJALAN BANUA'!D:D, ">="&EOMONTH(E27,-1)+1, 'BULAN BERJALAN BANUA'!D:D, "<="&E27) -> 800000
C28: 12 | D28: TK | E28: =$D$2 -> 46030 | F28: =SUMIFS( 'BULAN BERJALAN BANUA'!H:H, 'BULAN BERJALAN BANUA'!A:A, $D$28, 'BULAN BERJALAN BANUA'!D:D, ">="&EOMONTH(E28,-1)+1, 'BULAN BERJALAN BANUA'!D:D, "<="&E28) -> 0 | G28: =IF(F28=0, 0, F29/F28) -> 0 | H28: =abs(F28-F29) -> 0
E29: =$D$3 -> 46066 | F29: =SUMIFS( 'BULAN BERJALAN BANUA'!H:H, 'BULAN BERJALAN BANUA'!A:A, $D$28, 'BULAN BERJALAN BANUA'!D:D, ">="&EOMONTH(E29,-1)+1, 'BULAN BERJALAN BANUA'!D:D, "<="&E29) -> 0
C30: 13 | D30: UMUM KAMPUS | E30: =$D$2 -> 46030 | F30: =SUMIFS( 'BULAN BERJALAN BANUA'!H:H, 'BULAN BERJALAN BANUA'!A:A, $D$30, 'BULAN BERJALAN BANUA'!D:D, ">="&EOMONTH(E30,-1)+1, 'BULAN BERJALAN BANUA'!D:D, "<="&E30) -> 0 | G30: =IF(F30=0, 0, F31/F30) -> 0 | H30: =abs(F30-F31) -> 0
E31: =$D$3 -> 46066 | F31: =SUMIFS( 'BULAN BERJALAN BANUA'!H:H, 'BULAN BERJALAN BANUA'!A:A, $D$30, 'BULAN BERJALAN BANUA'!D:D, ">="&EOMONTH(E31,-1)+1, 'BULAN BERJALAN BANUA'!D:D, "<="&E31) -> 0
C32: 14 | D32: UMUM COMPANY | E32: =$D$2 -> 46030 | F32: =SUMIFS( 'BULAN BERJALAN BANUA'!H:H, 'BULAN BERJALAN BANUA'!A:A, $D$32, 'BULAN BERJALAN BANUA'!D:D, ">="&EOMONTH(E32,-1)+1, 'BULAN BERJALAN BANUA'!D:D, "<="&E32) -> 0 | G32: =IF(F32=0, 0, F33/F32) -> 0 | H32: =abs(F32-F33) -> 5765000
E33: =$D$3 -> 46066 | F33: =SUMIFS( 'BULAN BERJALAN BANUA'!H:H, 'BULAN BERJALAN BANUA'!A:A, $D$32, 'BULAN BERJALAN BANUA'!D:D, ">="&EOMONTH(E33,-1)+1, 'BULAN BERJALAN BANUA'!D:D, "<="&E33) -> 5765000
C34: 15 | D34: UMUM KOMUNITAS | E34: =$D$2 -> 46030 | F34: =SUMIFS( 'BULAN BERJALAN BANUA'!H:H, 'BULAN BERJALAN BANUA'!A:A, $D$34, 'BULAN BERJALAN BANUA'!D:D, ">="&EOMONTH(E34,-1)+1, 'BULAN BERJALAN BANUA'!D:D, "<="&E34) -> 0 | G34: =IF(F34=0, 0, F35/F34) -> 0 | H34: =abs(F34-F35) -> 0
E35: =$D$3 -> 46066 | F35: =SUMIFS( 'BULAN BERJALAN BANUA'!H:H, 'BULAN BERJALAN BANUA'!A:A, $D$34, 'BULAN BERJALAN BANUA'!D:D, ">="&EOMONTH(E35,-1)+1, 'BULAN BERJALAN BANUA'!D:D, "<="&E35) -> 0
C36: 16 | D36: TOTAL | E36: =$D$2 -> 46030 | F36: =F6+F8+F10+F12+F14+F16+F18+F20+F22+F24+F26+F28+F30+F32+F34 -> 5140000 | G36: =IF(F36=0, 0, F37/F36) -> 2.1974708 | H36: =abs(F36-F37) -> 6155000
E37: =$D$3 -> 46066 | F37: =F7+F9+F11+F13+F15+F17+F19+F21+F23+F25+F27+F29+F31+F33+F35 -> 11295000

Sheet HARIAN DESEMBER
G1: PENDAPATAN 1/12/2025
A2: RINCIAN | G2: SUMMARY
A3: Tanggal | B3: Order November | C3: Order Desember | D3: Selisih | E3: % Growth | G3: BULAN | H3: TOTAL ORDER | I3: %Growth | J3: TARGET
A4: 1 | B4: =IF(NOVEMBER!D16="", 0, NOVEMBER!D16) -> 130000 | C4: =IF(DESEMBER!D16="", 0, DESEMBER!D16) -> 4560000 | D4: =C4-B4 -> 4430000 | E4: =IF(AND(C4=0,B4=0),0,IF(AND(B4=0,C4>0),1,(C4-B4)/B4)) -> 34.076923 | G4: NOVEMBER | H4: =B4 -> 130000 | I4: =IF(AND(H4=0,H5=0),0,IF(AND(H4=0,H5>0),1,(H5-H4)/H4)) -> 34.076923 | J4: =NOVEMBER!$E$7 -> 70000000
A5: 2 | B5: =IF(NOVEMBER!D17="", 0, NOVEMBER!D17) -> 0 | C5: =IF(DESEMBER!D17="", 0, DESEMBER!D17) -> 4760000 | D5: =C5-B5 -> 4760000 | E5: =IF(AND(C5=0,B5=0),0,IF(AND(B5=0,C5>0),1,(C5-B5)/B5)) -> 1 | G5: DESEMBER | H5: =C4 -> 4560000 | J5: =DESEMBER!$F$7 -> 70000000
A6: 3 | B6: =IF(NOVEMBER!D18="", 0, NOVEMBER!D18) -> 0 | C6: =IF(DESEMBER!D18="", 0, DESEMBER!D18) -> 1800000 | D6: =C6-B6 -> 1800000 | E6: =IF(AND(C6=0,B6=0),0,IF(AND(B6=0,C6>0),1,(C6-B6)/B6)) -> 1
A7: 4 | B7: =IF(NOVEMBER!D19="", 0, NOVEMBER!D19) -> 200000 | C7: =IF(DESEMBER!D19="", 0, DESEMBER!D19) -> 675000 | D7: =C7-B7 -> 475000 | E7: =IF(AND(C7=0,B7=0),0,IF(AND(B7=0,C7>0),1,(C7-B7)/B7)) -> 2.375 | G7: =LET( bulanLalu, G4, bulanIni, G5, orderLalu, H4, orderIni, H5, perubahan, (orderIni - orderLalu) / orderLalu, IF( orderIni > orderLalu, "Order naik " & TEXT(perubahan,"0%") & " dari " & bulanLalu & " ke " & bulanIni, IF( orderIni < orderLalu, "Order turun " & TEXT(ABS(perubahan),"0%") & " dari " & bulanLalu & " ke " & bulanIni, "Order tetap sama antara " & bulanLalu & " dan " & bulanIni ) ) ) -> Order naik 3408% dari NOVEMBER ke DESEMBER
A8: 5 | B8: =IF(NOVEMBER!D20="", 0, NOVEMBER!D20) -> 0 | C8: =IF(DESEMBER!D20="", 0, DESEMBER!D20) -> 205000 | D8: =C8-B8 -> 205000 | E8: =IF(AND(C8=0,B8=0),0,IF(AND(B8=0,C8>0),1,(C8-B8)/B8)) -> 1
A9: 6 | B9: =IF(NOVEMBER!D21="", 0, NOVEMBER!D21) -> 0 | C9: =IF(DESEMBER!D21="", 0, DESEMBER!D21) -> 0 | D9: =C9-B9 -> 0
A10: 7 | B10: =IF(NOVEMBER!D22="", 0, NOVEMBER!D22) -> 0 | C10: =IF(DESEMBER!D22="", 0, DESEMBER!D22) -> 0 | D10: =C10-B10 -> 0 | E10: =IF(AND(C10=0,B10=0),0,IF(AND(B10=0,C10>0),1,(C10-B10)/B10)) -> 0
A11: 8 | B11: =IF(NOVEMBER!D23="", 0, NOVEMBER!D23) -> 0 | C11: =IF(DESEMBER!D23="", 0, DESEMBER!D23) -> 0 | D11: =C11-B11 -> 0 | E11: =IF(AND(C11=0,B11=0),0,IF(AND(B11=0,C11>0),1,(C11-B11)/B11)) -> 0
A12: 9 | B12: =IF(NOVEMBER!D24="", 0, NOVEMBER!D24) -> 0 | C12: =IF(DESEMBER!D24="", 0, DESEMBER!D24) -> 0 | D12: =C12-B12 -> 0 | E12: =IF(AND(C12=0,B12=0),0,IF(AND(B12=0,C12>0),1,(C12-B12)/B12)) -> 0
A13: 10 | B13: =IF(NOVEMBER!D25="", 0, NOVEMBER!D25) -> 0 | C13: =IF(DESEMBER!D25="", 0, DESEMBER!D25) -> 0 | D13: =C13-B13 -> 0 | E13: =IF(AND(C13=0,B13=0),0,IF(AND(B13=0,C13>0),1,(C13-B13)/B13)) -> 0
A14: 11 | B14: =IF(NOVEMBER!D26="", 0, NOVEMBER!D26) -> 3215000 | C14: =IF(DESEMBER!D26="", 0, DESEMBER!D26) -> 0 | D14: =C14-B14 -> -3215000 | E14: =IF(AND(C14=0,B14=0),0,IF(AND(B14=0,C14>0),1,(C14-B14)/B14)) -> -1
A15: 12 | B15: =IF(NOVEMBER!D27="", 0, NOVEMBER!D27) -> 11535000 | C15: =IF(DESEMBER!D27="", 0, DESEMBER!D27) -> 0 | D15: =C15-B15 -> -11535000 | E15: =IF(AND(C15=0,B15=0),0,IF(AND(B15=0,C15>0),1,(C15-B15)/B15)) -> -1
A16: 13 | B16: =IF(NOVEMBER!D28="", 0, NOVEMBER!D28) -> 0 | C16: =IF(DESEMBER!D28="", 0, DESEMBER!D28) -> 170000 | D16: =C16-B16 -> 170000 | E16: =IF(AND(C16=0,B16=0),0,IF(AND(B16=0,C16>0),1,(C16-B16)/B16)) -> 1
A17: 14 | B17: =IF(NOVEMBER!D29="", 0, NOVEMBER!D29) -> 250000 | C17: =IF(DESEMBER!D29="", 0, DESEMBER!D29) -> 0 | D17: =C17-B17 -> -250000 | E17: =IF(AND(C17=0,B17=0),0,IF(AND(B17=0,C17>0),1,(C17-B17)/B17)) -> -1
A18: 15 | B18: =IF(NOVEMBER!D30="", 0, NOVEMBER!D30) -> 0 | C18: =IF(DESEMBER!D30="", 0, DESEMBER!D30) -> 0 | D18: =C18-B18 -> 0 | E18: =IF(AND(C18=0,B18=0),0,IF(AND(B18=0,C18>0),1,(C18-B18)/B18)) -> 0
A19: 16 | B19: =IF(NOVEMBER!D31="", 0, NOVEMBER!D31) -> 0 | C19: =IF(DESEMBER!D31="", 0, DESEMBER!D31) -> 0 | D19: =C19-B19 -> 0 | E19: =IF(AND(C19=0,B19=0),0,IF(AND(B19=0,C19>0),1,(C19-B19)/B19)) -> 0
A20: 17 | B20: =NOVEMBER!D35 -> 7350000 | C20: =IF(DESEMBER!D32="", 0, DESEMBER!D32) -> 0 | D20: =C20-B20 -> -7350000 | E20: =IF(AND(C20=0,B20=0),0,IF(AND(B20=0,C20>0),1,(C20-B20)/B20)) -> -1
A21: 18 | B21: =IF(NOVEMBER!D33="", 0, NOVEMBER!D33) -> 0 | C21: =IF(DESEMBER!D33="", 0, DESEMBER!D33) -> 1200000 | D21: =C21-B21 -> 1200000 | E21: =IF(AND(C21=0,B21=0),0,IF(AND(B21=0,C21>0),1,(C21-B21)/B21)) -> 1
A22: 19 | B22: =IF(NOVEMBER!D34="", 0, NOVEMBER!D34) -> 0 | C22: =IF(DESEMBER!D34="", 0, DESEMBER!D34) -> 0 | D22: =C22-B22 -> 0 | E22: =IF(AND(C22=0,B22=0),0,IF(AND(B22=0,C22>0),1,(C22-B22)/B22)) -> 0
A23: 20 | B23: =IF(NOVEMBER!D35="", 0, NOVEMBER!D35) -> 7350000 | C23: =IF(DESEMBER!D35="", 0, DESEMBER!D35) -> 0 | D23: =C23-B23 -> -7350000 | E23: =IF(AND(C23=0,B23=0),0,IF(AND(B23=0,C23>0),1,(C23-B23)/B23)) -> -1
A24: 21 | B24: =IF(NOVEMBER!D36="", 0, NOVEMBER!D36) -> 0 | C24: =IF(DESEMBER!D36="", 0, DESEMBER!D36) -> 0 | D24: =C24-B24 -> 0 | E24: =IF(AND(C24=0,B24=0),0,IF(AND(B24=0,C24>0),1,(C24-B24)/B24)) -> 0
A25: 22 | B25: =IF(NOVEMBER!D37="", 0, NOVEMBER!D37) -> 1790000 | C25: =IF(DESEMBER!D37="", 0, DESEMBER!D37) -> 0 | D25: =C25-B25 -> -1790000 | E25: =IF(AND(C25=0,B25=0),0,IF(AND(B25=0,C25>0),1,(C25-B25)/B25)) -> -1
A26: 23 | B26: =IF(NOVEMBER!D38="", 0, NOVEMBER!D38) -> 0 | C26: =IF(DESEMBER!D38="", 0, DESEMBER!D38) -> 0 | D26: =C26-B26 -> 0 | E26: =IF(AND(C26=0,B26=0),0,IF(AND(B26=0,C26>0),1,(C26-B26)/B26)) -> 0
A27: 24 | B27: =IF(NOVEMBER!D39="", 0, NOVEMBER!D39) -> 0 | C27: =IF(DESEMBER!D39="", 0, DESEMBER!D39) -> 0 | D27: =C27-B27 -> 0 | E27: =IF(AND(C27=0,B27=0),0,IF(AND(B27=0,C27>0),1,(C27-B27)/B27)) -> 0 | G27: PENDAPATAN 1/12/2025
A28: 25 | B28: =IF(NOVEMBER!D40="", 0, NOVEMBER!D40) -> 0 | C28: =IF(DESEMBER!D40="", 0, DESEMBER!D40) -> 0 | D28: =C28-B28 -> 0 | E28: =IF(AND(C28=0,B28=0),0,IF(AND(B28=0,C28>0),1,(C28-B28)/B28)) -> 0 | G28: SUMMARY
A29: 26 | B29: =IF(NOVEMBER!D41="", 0, NOVEMBER!D41) -> 0 | C29: =IF(DESEMBER!D41="", 0, DESEMBER!D41) -> 1595000 | D29: =C29-B29 -> 1595000 | E29: =IF(AND(C29=0,B29=0),0,IF(AND(B29=0,C29>0),1,(C29-B29)/B29)) -> 1 | G29: BULAN | H29: TOTAL ORDER | I29: %Growth | J29: TARGET
A30: 27 | B30: =IF(NOVEMBER!D42="", 0, NOVEMBER!D42) -> 0 | C30: =IF(DESEMBER!D42="", 0, DESEMBER!D42) -> 0 | D30: =C30-B30 -> 0 | E30: =IF(AND(C30=0,B30=0),0,IF(AND(B30=0,C30>0),1,(C30-B30)/B30)) -> 0 | G30: NOVEMBER | H30: =B5 -> 0 | I30: =IF(AND(H30=0,H31=0),0,IF(AND(H30=0,H31>0),1,(H31-H30)/H30)) -> 1 | J30: =NOVEMBER!$E$7 -> 70000000
A31: 28 | B31: =IF(NOVEMBER!D43="", 0, NOVEMBER!D43) -> 0 | C31: =IF(DESEMBER!D43="", 0, DESEMBER!D43) -> 0 | D31: =C31-B31 -> 0 | E31: =IF(AND(C31=0,B31=0),0,IF(AND(B31=0,C31>0),1,(C31-B31)/B31)) -> 0 | G31: DESEMBER | H31: =C5 -> 4760000 | J31: =DESEMBER!$F$7 -> 70000000
A32: 29 | B32: =IF(NOVEMBER!D44="", 0, NOVEMBER!D44) -> 0 | C32: =IF(DESEMBER!D44="", 0, DESEMBER!D44) -> 24720000 | D32: =C32-B32 -> 24720000 | E32: =IF(AND(C32=0,B32=0),0,IF(AND(B32=0,C32>0),1,(C32-B32)/B32)) -> 1
A33: 30 | B33: =IF(NOVEMBER!D45="", 0, NOVEMBER!D45) -> 0 | C33: =IF(DESEMBER!D45="", 0, DESEMBER!D45) -> 0 | D33: =C33-B33 -> 0 | E33: =IF(AND(C33=0,B33=0),0,IF(AND(B33=0,C33>0),1,(C33-B33)/B33)) -> 0 | G33: =LET( bulanLalu, G30, bulanIni, G31, orderLalu, H30, orderIni, H31, perubahan, IF(orderLalu=0, 0, (orderIni - orderLalu) / orderLalu), IF( orderLalu=0, IF( orderIni=0, "Order tetap 0% antara " & bulanLalu & " dan " & bulanIni, "Order naik 100% dari " & bulanLalu & " ke " & bulanIni ), IF( orderIni > orderLalu, "Order naik " & TEXT(perubahan, "0%") & " dari " & bulanLalu & " ke " & bulanIni, IF( orderIni < orderLalu, "Order turun " & TEXT(ABS(perubahan), "0%") & " dari " & bulanLalu & " ke " & bulanIni, "Order tetap 0% antara " & bulanLalu & " dan " & bulanIni ) ) ) ) -> Order naik 100% dari NOVEMBER ke DESEMBER
A34: 31 | B34: =IF(NOVEMBER!D46="", 0, NOVEMBER!D46) -> 0 | C34: =IF(DESEMBER!D46="", 0, DESEMBER!D46) -> 0 | D34: =C34-B34 -> 0 | E34: =IF(AND(C34=0,B34=0),0,IF(AND(B34=0,C34>0),1,(C34-B34)/B34)) -> 0
A35: TOTAL | B35: =SUM(B4:B33) -> 31820000 | C35: =SUM(C4:C34) -> 39685000
G53: PENDAPATAN 3/12/2025
G54: SUMMARY
G55: BULAN | H55: TOTAL ORDER | I55: %Growth | J55: TARGET
G56: NOVEMBER | H56: =B6 -> 0 | I56: =IF(AND(H56=0,H57=0),0,IF(AND(H56=0,H57>0),1,(H57-H56)/H56)) -> 1 | J56: =NOVEMBER!$E$7 -> 70000000
G57: DESEMBER | H57: =C6 -> 1800000 | J57: =NOVEMBER!$E$7 -> 70000000
G59: =LET( bulanLalu, G56, bulanIni, G57, orderLalu, H56, orderIni, H57, perubahan, IF(orderLalu=0, 0, (orderIni - orderLalu) / orderLalu), IF( orderLalu=0, IF( orderIni=0, "Order tetap 0% antara " & bulanLalu & " dan " & bulanIni, "Order naik 100% dari " & bulanLalu & " ke " & bulanIni ), IF( orderIni > orderLalu, "Order naik " & TEXT(perubahan, "0%") & " dari " & bulanLalu & " ke " & bulanIni, IF( orderIni < orderLalu, "Order turun " & TEXT(ABS(perubahan), "0%") & " dari " & bulanLalu & " ke " & bulanIni, "Order tetap 0% antara " & bulanLalu & " dan " & bulanIni ) ) ) ) -> Order naik 100% dari NOVEMBER ke DESEMBER
G79: PENDAPATAN 4/12/2025
G80: SUMMARY
G81: BULAN | H81: TOTAL ORDER | I81: %Growth | J81: TARGET
G82: NOVEMBER | H82: =B7 -> 200000 | I82: =IF(AND(H82=0,H83=0),0,IF(AND(H82=0,H83>0),1,(H83-H82)/H82)) -> 2.375 | J82: =OKTOBER!$D$7
G83: DESEMBER | H83: =C7 -> 675000 | J83: =NOVEMBER!$E$7 -> 70000000
G85: =LET( bulanLalu, G82, bulanIni, G83, orderLalu, H82, orderIni, H83, perubahan, IF(orderLalu=0, 0, (orderIni - orderLalu) / orderLalu), IF( orderLalu=0, IF( orderIni=0, "Order tetap 0% antara " & bulanLalu & " dan " & bulanIni, "Order naik 100% dari " & bulanLalu & " ke " & bulanIni ), IF( orderIni > orderLalu, "Order naik " & TEXT(perubahan, "0%") & " dari " & bulanLalu & " ke " & bulanIni, IF( orderIni < orderLalu, "Order turun " & TEXT(ABS(perubahan), "0%") & " dari " & bulanLalu & " ke " & bulanIni, "Order tetap 0% antara " & bulanLalu & " dan " & bulanIni ) ) ) ) -> Order naik 238% dari NOVEMBER ke DESEMBER
G104: PENDAPATAN 5/12/2025
G105: SUMMARY
G106: BULAN | H106: TOTAL ORDER | I106: %Growth | J106: TARGET
G107: NOVEMBER | H107: =B8 -> 0 | I107: =IF(AND(H107=0,H108=0),0,IF(AND(H107=0,H108>0),1,(H108-H107)/H107)) -> 1 | J107: =OKTOBER!$D$7
G108: DESEMBER | H108: =C8 -> 205000 | J108: =NOVEMBER!$E$7 -> 70000000
G110: =LET( bulanLalu, G107, bulanIni, G108, orderLalu, H107, orderIni, H108, perubahan, IF(orderLalu=0, 0, (orderIni - orderLalu) / orderLalu), IF( orderLalu=0, IF( orderIni=0, "Order tetap 0% antara " & bulanLalu & " dan " & bulanIni, "Order naik 100% dari " & bulanLalu & " ke " & bulanIni ), IF( orderIni > orderLalu, "Order naik " & TEXT(perubahan, "0%") & " dari " & bulanLalu & " ke " & bulanIni, IF( orderIni < orderLalu, "Order turun " & TEXT(ABS(perubahan), "0%") & " dari " & bulanLalu & " ke " & bulanIni, "Order tetap 0% antara " & bulanLalu & " dan " & bulanIni ) ) ) ) -> Order naik 100% dari NOVEMBER ke DESEMBER
G129: PENDAPATAN 6/11/2025
G130: SUMMARY
G131: BULAN | H131: TOTAL ORDER | I131: %Growth | J131: TARGET
G132: OKTOBER | H132: =B9 -> 0 | I132: =IF(AND(H132=0,H133=0),0,IF(AND(H132=0,H133>0),1,(H133-H132)/H132)) -> 0 | J132: =OKTOBER!$D$7
G133: NOVEMBER | H133: =C9 -> 0 | J133: =NOVEMBER!$E$7 -> 70000000
G135: =LET( bulanLalu, G132, bulanIni, G133, orderLalu, H132, orderIni, H133, perubahan, IF(orderLalu=0, 0, (orderIni - orderLalu) / orderLalu), IF( orderLalu=0, IF( orderIni=0, "Order tetap 0% antara " & bulanLalu & " dan " & bulanIni, "Order naik 100% dari " & bulanLalu & " ke " & bulanIni ), IF( orderIni > orderLalu, "Order naik " & TEXT(perubahan, "0%") & " dari " & bulanLalu & " ke " & bulanIni, IF( orderIni < orderLalu, "Order turun " & TEXT(ABS(perubahan), "0%") & " dari " & bulanLalu & " ke " & bulanIni, "Order tetap 0% antara " & bulanLalu & " dan " & bulanIni ) ) ) ) -> Order tetap 0% antara OKTOBER dan NOVEMBER
G154: PENDAPATAN 8/12/2025
G155: SUMMARY
G156: BULAN | H156: TOTAL ORDER | I156: %Growth | J156: TARGET
G157: OKTOBER | H157: =B11 -> 0 | I157: =IF(AND(H157=0,H158=0),0,IF(AND(H157=0,H158>0),1,(H158-H157)/H157)) -> 0 | J157: =OKTOBER!$D$7
G158: NOVEMBER | H158: =C11 -> 0 | J158: =NOVEMBER!$E$7 -> 70000000
G160: =LET( bulanLalu, G157, bulanIni, G158, orderLalu, H157, orderIni, H158, perubahan, IF(orderLalu=0, 0, (orderIni - orderLalu) / orderLalu), IF( orderLalu=0, IF( orderIni=0, "Order tetap 0% antara " & bulanLalu & " dan " & bulanIni, "Order naik 100% dari " & bulanLalu & " ke " & bulanIni ), IF( orderIni > orderLalu, "Order naik " & TEXT(perubahan, "0%") & " dari " & bulanLalu & " ke " & bulanIni, IF( orderIni < orderLalu, "Order turun " & TEXT(ABS(perubahan), "0%") & " dari " & bulanLalu & " ke " & bulanIni, "Order tetap 0% antara " & bulanLalu & " dan " & bulanIni ) ) ) ) -> Order tetap 0% antara OKTOBER dan NOVEMBER
G179: PENDAPATAN 22/11/2025
G180: PENDAPATAN 9/12/2025
G181: SUMMARY
G182: BULAN | H182: TOTAL ORDER | I182: %Growth | J182: TARGET
G183: OKTOBER | H183: =B12 -> 0 | I183: =IF(AND(H183=0,H184=0),0,IF(AND(H183=0,H184>0),1,(H184-H183)/H183)) -> 0 | J183: =OKTOBER!$D$7
G184: NOVEMBER | H184: =C12 -> 0 | J184: =NOVEMBER!$E$7 -> 70000000
G186: =LET( bulanLalu, G183, bulanIni, G184, orderLalu, H183, orderIni, H184, perubahan, IF(orderLalu=0, 0, (orderIni - orderLalu) / orderLalu), IF( orderLalu=0, IF( orderIni=0, "Order tetap 0% antara " & bulanLalu & " dan " & bulanIni, "Order naik 100% dari " & bulanLalu & " ke " & bulanIni ), IF( orderIni > orderLalu, "Order naik " & TEXT(perubahan, "0%") & " dari " & bulanLalu & " ke " & bulanIni, IF( orderIni < orderLalu, "Order turun " & TEXT(ABS(perubahan), "0%") & " dari " & bulanLalu & " ke " & bulanIni, "Order tetap 0% antara " & bulanLalu & " dan " & bulanIni ) ) ) ) -> Order tetap 0% antara OKTOBER dan NOVEMBER
G205: PENDAPATAN 10/11/2025
G206: SUMMARY
G207: BULAN | H207: TOTAL ORDER | I207: %Growth | J207: TARGET
G208: OKTOBER | H208: =B13 -> 0 | I208: =IF(AND(H208=0,H209=0),0,IF(AND(H208=0,H209>0),1,(H209-H208)/H208)) -> 0 | J208: =OKTOBER!$D$7
G209: NOVEMBER | H209: =C13 -> 0 | J209: =NOVEMBER!$E$7 -> 70000000
G211: =LET( bulanLalu, G208, bulanIni, G209, orderLalu, H208, orderIni, H209, perubahan, IF(orderLalu=0, 0, (orderIni - orderLalu) / orderLalu), IF( orderLalu=0, IF( orderIni=0, "Order tetap 0% antara " & bulanLalu & " dan " & bulanIni, "Order naik 100% dari " & bulanLalu & " ke " & bulanIni ), IF( orderIni > orderLalu, "Order naik " & TEXT(perubahan, "0%") & " dari " & bulanLalu & " ke " & bulanIni, IF( orderIni < orderLalu, "Order turun " & TEXT(ABS(perubahan), "0%") & " dari " & bulanLalu & " ke " & bulanIni, "Order tetap 0% antara " & bulanLalu & " dan " & bulanIni ) ) ) ) -> Order tetap 0% antara OKTOBER dan NOVEMBER
G230: PENDAPATAN 11/12/2025
G231: SUMMARY
G232: BULAN | H232: TOTAL ORDER | I232: %Growth | J232: TARGET
G233: NOVEMBER | H233: =B14 -> 3215000 | I233: =IF(AND(H233=0,H234=0),0,IF(AND(H233=0,H234>0),1,(H234-H233)/H233)) -> -1 | J233: =OKTOBER!$D$7
G234: DESEMBER | H234: =C14 -> 0 | J234: =NOVEMBER!$E$7 -> 70000000
G236: =LET( bulanLalu, G233, bulanIni, G234, orderLalu, H233, orderIni, H234, perubahan, IF(orderLalu=0, 0, (orderIni - orderLalu) / orderLalu), IF( orderLalu=0, IF( orderIni=0, "Order tetap 0% antara " & bulanLalu & " dan " & bulanIni, "Order naik 100% dari " & bulanLalu & " ke " & bulanIni ), IF( orderIni > orderLalu, "Order naik " & TEXT(perubahan, "0%") & " dari " & bulanLalu & " ke " & bulanIni, IF( orderIni < orderLalu, "Order turun " & TEXT(ABS(perubahan), "0%") & " dari " & bulanLalu & " ke " & bulanIni, "Order tetap 0% antara " & bulanLalu & " dan " & bulanIni ) ) ) ) -> Order turun 100% dari NOVEMBER ke DESEMBER
G256: PENDAPATAN 12/12/2025
G257: SUMMARY
G258: BULAN | H258: TOTAL ORDER | I258: %Growth | J258: TARGET
G259: NOVEMBER | H259: =B15 -> 11535000 | I259: =IF(AND(H259=0,H260=0),0,IF(AND(H259=0,H260>0),1,(H260-H259)/H259)) -> -1 | J259: =OKTOBER!$D$7
G260: DESEMBER | H260: =C15 -> 0 | J260: =NOVEMBER!$E$7 -> 70000000
G262: =LET( bulanLalu, G259, bulanIni, G260, orderLalu, H259, orderIni, H260, perubahan, IF(orderLalu=0, 0, (orderIni - orderLalu) / orderLalu), IF( orderLalu=0, IF( orderIni=0, "Order tetap 0% antara " & bulanLalu & " dan " & bulanIni, "Order naik 100% dari " & bulanLalu & " ke " & bulanIni ), IF( orderIni > orderLalu, "Order naik " & TEXT(perubahan, "0%") & " dari " & bulanLalu & " ke " & bulanIni, IF( orderIni < orderLalu, "Order turun " & TEXT(ABS(perubahan), "0%") & " dari " & bulanLalu & " ke " & bulanIni, "Order tetap 0% antara " & bulanLalu & " dan " & bulanIni ) ) ) ) -> Order turun 100% dari NOVEMBER ke DESEMBER
G282: PENDAPATAN 13/12/2025
G283: SUMMARY
G284: BULAN | H284: TOTAL ORDER | I284: %Growth | J284: TARGET
G285: NOVEMBER | H285: =B16 -> 0 | I285: =IF(AND(H285=0,H286=0),0,IF(AND(H285=0,H286>0),1,(H286-H285)/H285)) -> 1 | J285: =OKTOBER!$D$7
G286: DESEMBER | H286: =C16 -> 170000 | J286: =NOVEMBER!$E$7 -> 70000000
G288: =LET( bulanLalu, G285, bulanIni, G286, orderLalu, H285, orderIni, H286, perubahan, IF(orderLalu=0, 0, (orderIni - orderLalu) / orderLalu), IF( orderLalu=0, IF( orderIni=0, "Order tetap 0% antara " & bulanLalu & " dan " & bulanIni, "Order naik 100% dari " & bulanLalu & " ke " & bulanIni ), IF( orderIni > orderLalu, "Order naik " & TEXT(perubahan, "0%") & " dari " & bulanLalu & " ke " & bulanIni, IF( orderIni < orderLalu, "Order turun " & TEXT(ABS(perubahan), "0%") & " dari " & bulanLalu & " ke " & bulanIni, "Order tetap 0% antara " & bulanLalu & " dan " & bulanIni ) ) ) ) -> Order naik 100% dari NOVEMBER ke DESEMBER
G308: PENDAPATAN 15/12/2025
G309: SUMMARY
G310: BULAN | H310: TOTAL ORDER | I310: %Growth | J310: TARGET
G311: NOVEMBER | H311: =B18 -> 0 | I311: =IF(AND(H311=0,H312=0),0,IF(AND(H311=0,H312>0),1,(H312-H311)/H311)) -> 0 | J311: =OKTOBER!$D$7
...

Sheet SUMMARY
A2: RINCIAN
A3: Tanggal | B3: Order Oktober | C3: Order November | D3: Order Desember | E3: Order Januari | F3: % Growth
A4: 1 | B4: =IFERROR( INDEX('ORDER MASUK OKTOBER'!E:E, MATCH(A4, DAY('ORDER MASUK OKTOBER'!A:A), 0 ) ), 0 ) -> 0 | C4: =NOVEMBER!D16 -> 130000 | D4: =DESEMBER!D16 -> 4560000 | E4: =JANUARI!D16 | F4: =IF(B4=0, IF(C4+D4+E4=0, 0, 1), (C4 + D4 + E4 - B4) / B4 ) -> 1 | G4: =IF(B4=0,0,((E4/B4)^(1/3))-1) -> 0
A5: 2 | B5: =IFERROR( INDEX('ORDER MASUK OKTOBER'!E:E, MATCH(A5, DAY('ORDER MASUK OKTOBER'!A:A), 0 ) ), 0 ) -> 0 | C5: =IFERROR( INDEX('ORDER MASUK NOVEMBER'!E:E, MATCH(A4, DAY('ORDER MASUK NOVEMBER'!A:A), 0 ) ), 0 ) -> 0 | D5: =DESEMBER!D17 -> 4760000 | E5: =JANUARI!D17 | F5: =IF(B5=0;I12 IF(C5+D5+E5=0; 0; 1); (C5 + D5 + E5 - B5) / B5 ) -> #ERROR! | G5: =IF(B4=0,0,((E4/B4)^(1/3))-1) -> 0
A6: 3 | B6: =IFERROR( INDEX('ORDER MASUK OKTOBER'!E:E, MATCH(A6, DAY('ORDER MASUK OKTOBER'!A:A), 0 ) ), 0 ) -> 0 | C6: =IFERROR( INDEX('ORDER MASUK NOVEMBER'!E:E, MATCH(A5, DAY('ORDER MASUK NOVEMBER'!A:A), 0 ) ), 0 ) -> 0 | D6: =DESEMBER!D18 -> 1800000 | E6: =JANUARI!D18 | F6: =IF(B6=0, IF(C6+D6+E6=0, 0, 1), (C6 + D6 + E6 - B6) / B6 ) -> 1
A7: 4 | B7: =IFERROR( INDEX('ORDER MASUK OKTOBER'!E:E, MATCH(A7, DAY('ORDER MASUK OKTOBER'!A:A), 0 ) ), 0 ) -> 0 | C7: =NOVEMBER!D19 -> 200000 | D7: =DESEMBER!D19 -> 675000 | E7: =JANUARI!D19 | F7: =IF(B7=0, IF(C7+D7+E7=0, 0, 1), (C7 + D7 + E7 - B7) / B7 ) -> 1
A8: 5 | B8: 0 | C8: 0 | D8: =DESEMBER!D20 -> 205000 | E8: =JANUARI!D20 | F8: =IF(B8=0, IF(C8+D8+E8=0, 0, 1), (C8 + D8 + E8 - B8) / B8 ) -> 1
A9: 6 | B9: =OKTOBER!D21 | C9: 0 | D9: 0 | E9: =JANUARI!D21 | F9: =IF(B9=0, IF(C9+D9+E9=0, 0, 1), (C9 + D9 + E9 - B9) / B9 ) -> 0
A10: 7 | B10: =OKTOBER!D22 | C10: 0 | D10: 0 | E10: =JANUARI!D22 -> 2115000 | F10: =IF(B10=0, IF(C10+D10+E10=0, 0, 1), (C10 + D10 + E10 - B10) / B10 ) -> 1
A11: 8 | B11: =OKTOBER!D23 | C11: 0 | D11: 0 | E11: =JANUARI!D23 -> 2340000 | F11: =IF(B11=0, IF(C11+D11+E11=0, 0, 1), (C11 + D11 + E11 - B11) / B11 ) -> 1
A12: 9 | B12: =OKTOBER!D24 | C12: 0 | D12: 0 | E12: =JANUARI!D24 -> 7365000 | F12: =IF(B12=0, IF(C12+D12+E12=0, 0, 1), (C12 + D12 + E12 - B12) / B12 ) -> 1
A13: 10 | B13: =OKTOBER!D25 | C13: 0 | D13: 0 | E13: =JANUARI!D25 | F13: =IF(B13=0, IF(C13+D13+E13=0, 0, 1), (C13 + D13 + E13 - B13) / B13 ) -> 0
A14: 11 | B14: =OKTOBER!D26 | C14: =NOVEMBER!D26 -> 3215000 | D14: =DESEMBER!D26 | E14: =JANUARI!D26 | F14: =IF(B14=0, IF(C14+D14+E14=0, 0, 1), (C14 + D14 + E14 - B14) / B14 ) -> 1
A15: 12 | B15: =OKTOBER!D27 | C15: =NOVEMBER!D27 -> 11535000 | D15: =DESEMBER!D27 | E15: =JANUARI!D27 -> 1150000 | F15: =IF(B15=0, IF(C15+D15+E15=0, 0, 1), (C15 + D15 + E15 - B15) / B15 ) -> 1
A16: 13 | B16: =OKTOBER!D28 | C16: 0 | D16: =DESEMBER!D28 -> 170000 | E16: =JANUARI!D28 -> 4805000 | F16: =IF(B16=0, IF(C16+D16+E16=0, 0, 1), (C16 + D16 + E16 - B16) / B16 ) -> 1
A17: 14 | B17: =OKTOBER!D29 | C17: =NOVEMBER!D29 -> 250000 | D17: =DESEMBER!D29 | E17: =JANUARI!D29 -> 5040000 | F17: =IF(B17=0, IF(C17+D17+E17=0, 0, 1), (C17 + D17 + E17 - B17) / B17 ) -> 1
A18: 15 | B18: =OKTOBER!D30 | C18: 0 | D18: =DESEMBER!D30 | E18: =JANUARI!D30 | F18: =IF(B18=0, IF(C18+D18+E18=0, 0, 1), (C18 + D18 + E18 - B18) / B18 ) -> 0
A19: 16 | B19: =OKTOBER!D31 | C19: 0 | D19: =DESEMBER!D31 | E19: =JANUARI!D31 -> 135000 | F19: =IF(B19=0, IF(C19+D19+E19=0, 0, 1), (C19 + D19 + E19 - B19) / B19 ) -> 1
A20: 17 | B20: =OKTOBER!D32 | C20: 0 | D20: =DESEMBER!D32 | E20: =JANUARI!D32 | F20: =IF(B20=0, IF(C20+D20+E20=0, 0, 1), (C20 + D20 + E20 - B20) / B20 ) -> 0
A21: 18 | B21: =OKTOBER!D33 | C21: 0 | D21: =DESEMBER!D33 -> 1200000 | E21: =JANUARI!D33 | F21: =IF(B21=0, IF(C21+D21+E21=0, 0, 1), (C21 + D21 + E21 - B21) / B21 ) -> 1
A22: 19 | B22: =OKTOBER!D34 | C22: 0 | D22: =DESEMBER!D34 | E22: =JANUARI!D34 | F22: =IF(B22=0, IF(C22+D22+E22=0, 0, 1), (C22 + D22 + E22 - B22) / B22 ) -> 0
A23: 20 | B23: =OKTOBER!D35 | C23: =NOVEMBER!D35 -> 7350000 | D23: =DESEMBER!D35 | E23: =JANUARI!D35 | F23: =IF(B23=0, IF(C23+D23+E23=0, 0, 1), (C23 + D23 + E23 - B23) / B23 ) -> 1
A24: 21 | B24: =OKTOBER!D36 | C24: 0 | D24: =DESEMBER!D36 | E24: =JANUARI!D36 | F24: =IF(B24=0, IF(C24+D24+E24=0, 0, 1), (C24 + D24 + E24 - B24) / B24 ) -> 0
A25: 22 | B25: =OKTOBER!D37 | C25: =NOVEMBER!D37 -> 1790000 | D25: =DESEMBER!D37 | E25: =JANUARI!D37 | F25: =IF(B25=0, IF(C25+D25+E25=0, 0, 1), (C25 + D25 + E25 - B25) / B25 ) -> 1
A26: 23 | B26: =OKTOBER!D38 | C26: 0 | D26: =DESEMBER!D38 | E26: =JANUARI!D38 | F26: =IF(B26=0, IF(C26+D26+E26=0, 0, 1), (C26 + D26 + E26 - B26) / B26 ) -> 0
A27: 24 | B27: =OKTOBER!D39 | C27: 0 | D27: =DESEMBER!D39 | E27: =JANUARI!D39 | F27: =IF(B27=0, IF(C27+D27+E27=0, 0, 1), (C27 + D27 + E27 - B27) / B27 ) -> 0
A28: 25 | B28: =OKTOBER!D40 | C28: 0 | D28: =DESEMBER!D40 | E28: =JANUARI!D40 | F28: =IF(B28=0, IF(C28+D28+E28=0, 0, 1), (C28 + D28 + E28 - B28) / B28 ) -> 0
A29: 26 | B29: =OKTOBER!D41 | C29: 0 | D29: =DESEMBER!D41 -> 1595000 | E29: =JANUARI!D41 | F29: =IF(B29=0, IF(C29+D29+E29=0, 0, 1), (C29 + D29 + E29 - B29) / B29 ) -> 1
A30: 27 | B30: =OKTOBER!D42 | C30: 0 | D30: =DESEMBER!D42 | E30: =JANUARI!D42 | F30: =IF(B30=0, IF(C30+D30+E30=0, 0, 1), (C30 + D30 + E30 - B30) / B30 ) -> 0
A31: 28 | B31: =OKTOBER!D43 | C31: 0 | D31: =DESEMBER!D43 | E31: =JANUARI!D43 | F31: =IF(B31=0, IF(C31+D31+E31=0, 0, 1), (C31 + D31 + E31 - B31) / B31 ) -> 0
A32: 29 | B32: =OKTOBER!D44 | C32: 0 | D32: =DESEMBER!D44 -> 24720000 | E32: =JANUARI!D44 | F32: =IF(B32=0, IF(C32+D32+E32=0, 0, 1), (C32 + D32 + E32 - B32) / B32 ) -> 1
A33: 30 | B33: =OKTOBER!D45 | C33: 0 | D33: =DESEMBER!D45 | E33: =JANUARI!D45 | F33: =IF(B33=0, IF(C33+D33+E33=0, 0, 1), (C33 + D33 + E33 - B33) / B33 ) -> 0
A34: 31 | B34: =OKTOBER!D46 | C34: 0 | D34: =DESEMBER!D46 | E34: =JANUARI!D46 | F34: =IF(B34=0, IF(C34+D34+E34=0, 0, 1), (C34 + D34 + E34 - B34) / B34 ) -> 0
A35: TOTAL | B35: =SUM(B4:B34) -> 0 | C35: =SUM(C4:C33) -> 24470000 | D35: =sum(D4:D34) -> 39685000 | E35: =sum(E4:E34) -> 22950000
A38: PENDAPATAN PER-01/01/2026
A39: SUMMARY
A40: BULAN | B40: TOTAL ORDER | C40: %Growth | D40: TARGET
A41: OKTOBER | B41: =B35 -> 0 | D41: =OKTOBER!$D$7
A42: NOVEMBER | B42: =C35 -> 24470000 | C42: =IF(B35=0,0,(C35-B35)/B35) -> 0 | D42: =NOVEMBER!$E$7 -> 70000000
A43: DESEMBER | B43: =D35 -> 39685000 | C43: =((D35-C35)/C35) -> 0.62178177 | D43: =DESEMBER!$F$7 -> 70000000
A44: JANUARI | B44: =E35 -> 22950000 | C44: =((E35-D35)/D35) -> -0.42169585 | D44: =JANUARI!G11 -> 125000000
B46: =LET( okt, B41, nov, B42, des, B43, g_okt_nov, IF(okt=0, 1, (nov - okt) / okt), g_nov_des, IF(nov=0, 1, (des - nov) / nov), "Dari " & TEXT(A41,"@") & " ke " & TEXT(A42,"@") & " " & IF(okt=0, "order naik menjadi " & TEXT(nov,"#,##0"), IF(nov>okt, "order naik " & TEXT(g_okt_nov,"0%"), IF(nov<okt, "order turun " & TEXT(ABS(g_okt_nov),"0%"), "order tetap" ) ) ) & ", lalu dari " & TEXT(A42,"@") & " ke " & TEXT(A43,"@") & " " & IF(nov=0, "order naik menjadi " & TEXT(des,"#,##0"), IF(des>nov, "order naik " & TEXT(g_nov_des,"0%"), IF(des<nov, "order turun " & TEXT(ABS(g_nov_des),"0%"), "order tetap" ) ) ) ) -> Dari OKTOBER ke NOVEMBER order naik menjadi 24.470.000, lalu dari NOVEMBER ke DESEMBER order naik 62%

Sheet HARIAN JANUARI 26
G1: PENDAPATAN 1/12/2025
A2: RINCIAN | G2: SUMMARY
A3: Tanggal | B3: Order oktober | C3: Order Desember | D3: Selisih | E3: % Growth | G3: BULAN | H3: TOTAL ORDER | I3: %Growth | J3: TARGET
A4: 1 | B4: =IF(NOVEMBER!D16="", 0, NOVEMBER!D16) -> 130000 | C4: =IF(DESEMBER!D16="", 0, DESEMBER!D16) -> 4560000 | D4: =C4-B4 -> 4430000 | E4: =IF(AND(C4=0,B4=0),0,IF(AND(B4=0,C4>0),1,(C4-B4)/B4)) -> 34.076923 | G4: NOVEMBER | H4: =B4 -> 130000 | I4: =IF(AND(H4=0,H5=0),0,IF(AND(H4=0,H5>0),1,(H5-H4)/H4)) -> 34.076923 | J4: =NOVEMBER!$E$7 -> 70000000
A5: 2 | B5: =IF(NOVEMBER!D17="", 0, NOVEMBER!D17) -> 0 | C5: =IF(DESEMBER!D17="", 0, DESEMBER!D17) -> 4760000 | D5: =C5-B5 -> 4760000 | E5: =IF(AND(C5=0,B5=0),0,IF(AND(B5=0,C5>0),1,(C5-B5)/B5)) -> 1 | G5: DESEMBER | H5: =C4 -> 4560000 | J5: =DESEMBER!$F$7 -> 70000000
A6: 3 | B6: =IF(NOVEMBER!D18="", 0, NOVEMBER!D18) -> 0 | C6: =IF(DESEMBER!D18="", 0, DESEMBER!D18) -> 1800000 | D6: =C6-B6 -> 1800000 | E6: =IF(AND(C6=0,B6=0),0,IF(AND(B6=0,C6>0),1,(C6-B6)/B6)) -> 1
A7: 4 | B7: =IF(NOVEMBER!D19="", 0, NOVEMBER!D19) -> 200000 | C7: =IF(DESEMBER!D19="", 0, DESEMBER!D19) -> 675000 | D7: =C7-B7 -> 475000 | E7: =IF(AND(C7=0,B7=0),0,IF(AND(B7=0,C7>0),1,(C7-B7)/B7)) -> 2.375 | G7: =LET( bulanLalu, G4, bulanIni, G5, orderLalu, H4, orderIni, H5, perubahan, (orderIni - orderLalu) / orderLalu, IF( orderIni > orderLalu, "Order naik " & TEXT(perubahan,"0%") & " dari " & bulanLalu & " ke " & bulanIni, IF( orderIni < orderLalu, "Order turun " & TEXT(ABS(perubahan),"0%") & " dari " & bulanLalu & " ke " & bulanIni, "Order tetap sama antara " & bulanLalu & " dan " & bulanIni ) ) ) -> Order naik 3408% dari NOVEMBER ke DESEMBER
A8: 5 | B8: =IF(NOVEMBER!D20="", 0, NOVEMBER!D20) -> 0 | C8: =IF(DESEMBER!D20="", 0, DESEMBER!D20) -> 205000 | D8: =C8-B8 -> 205000 | E8: =IF(AND(C8=0,B8=0),0,IF(AND(B8=0,C8>0),1,(C8-B8)/B8)) -> 1
A9: 6 | B9: =IF(NOVEMBER!D21="", 0, NOVEMBER!D21) -> 0 | C9: =IF(DESEMBER!D21="", 0, DESEMBER!D21) -> 0 | D9: =C9-B9 -> 0
A10: 7 | B10: =IF(NOVEMBER!D22="", 0, NOVEMBER!D22) -> 0 | C10: =IF(DESEMBER!D22="", 0, DESEMBER!D22) -> 0 | D10: =C10-B10 -> 0 | E10: =IF(AND(C10=0,B10=0),0,IF(AND(B10=0,C10>0),1,(C10-B10)/B10)) -> 0
A11: 8 | B11: =IF(NOVEMBER!D23="", 0, NOVEMBER!D23) -> 0 | C11: =IF(DESEMBER!D23="", 0, DESEMBER!D23) -> 0 | D11: =C11-B11 -> 0 | E11: =IF(AND(C11=0,B11=0),0,IF(AND(B11=0,C11>0),1,(C11-B11)/B11)) -> 0
A12: 9 | B12: =IF(NOVEMBER!D24="", 0, NOVEMBER!D24) -> 0 | C12: =IF(DESEMBER!D24="", 0, DESEMBER!D24) -> 0 | D12: =C12-B12 -> 0 | E12: =IF(AND(C12=0,B12=0),0,IF(AND(B12=0,C12>0),1,(C12-B12)/B12)) -> 0
A13: 10 | B13: =IF(NOVEMBER!D25="", 0, NOVEMBER!D25) -> 0 | C13: =IF(DESEMBER!D25="", 0, DESEMBER!D25) -> 0 | D13: =C13-B13 -> 0 | E13: =IF(AND(C13=0,B13=0),0,IF(AND(B13=0,C13>0),1,(C13-B13)/B13)) -> 0
A14: 11 | B14: =IF(NOVEMBER!D26="", 0, NOVEMBER!D26) -> 3215000 | C14: =IF(DESEMBER!D26="", 0, DESEMBER!D26) -> 0 | D14: =C14-B14 -> -3215000 | E14: =IF(AND(C14=0,B14=0),0,IF(AND(B14=0,C14>0),1,(C14-B14)/B14)) -> -1
A15: 12 | B15: =IF(NOVEMBER!D27="", 0, NOVEMBER!D27) -> 11535000 | C15: =IF(DESEMBER!D27="", 0, DESEMBER!D27) -> 0 | D15: =C15-B15 -> -11535000 | E15: =IF(AND(C15=0,B15=0),0,IF(AND(B15=0,C15>0),1,(C15-B15)/B15)) -> -1
A16: 13 | B16: =IF(NOVEMBER!D28="", 0, NOVEMBER!D28) -> 0 | C16: =IF(DESEMBER!D28="", 0, DESEMBER!D28) -> 170000 | D16: =C16-B16 -> 170000 | E16: =IF(AND(C16=0,B16=0),0,IF(AND(B16=0,C16>0),1,(C16-B16)/B16)) -> 1
A17: 14 | B17: =IF(NOVEMBER!D29="", 0, NOVEMBER!D29) -> 250000 | C17: =IF(DESEMBER!D29="", 0, DESEMBER!D29) -> 0 | D17: =C17-B17 -> -250000 | E17: =IF(AND(C17=0,B17=0),0,IF(AND(B17=0,C17>0),1,(C17-B17)/B17)) -> -1
A18: 15 | B18: =IF(NOVEMBER!D30="", 0, NOVEMBER!D30) -> 0 | C18: =IF(DESEMBER!D30="", 0, DESEMBER!D30) -> 0 | D18: =C18-B18 -> 0 | E18: =IF(AND(C18=0,B18=0),0,IF(AND(B18=0,C18>0),1,(C18-B18)/B18)) -> 0
A19: 16 | B19: =IF(NOVEMBER!D31="", 0, NOVEMBER!D31) -> 0 | C19: =IF(DESEMBER!D31="", 0, DESEMBER!D31) -> 0 | D19: =C19-B19 -> 0 | E19: =IF(AND(C19=0,B19=0),0,IF(AND(B19=0,C19>0),1,(C19-B19)/B19)) -> 0
A20: 17 | B20: =NOVEMBER!D35 -> 7350000 | C20: =IF(DESEMBER!D32="", 0, DESEMBER!D32) -> 0 | D20: =C20-B20 -> -7350000 | E20: =IF(AND(C20=0,B20=0),0,IF(AND(B20=0,C20>0),1,(C20-B20)/B20)) -> -1
A21: 18 | B21: =IF(NOVEMBER!D33="", 0, NOVEMBER!D33) -> 0 | C21: =IF(DESEMBER!D33="", 0, DESEMBER!D33) -> 1200000 | D21: =C21-B21 -> 1200000 | E21: =IF(AND(C21=0,B21=0),0,IF(AND(B21=0,C21>0),1,(C21-B21)/B21)) -> 1
A22: 19 | B22: =IF(NOVEMBER!D34="", 0, NOVEMBER!D34) -> 0 | C22: =IF(DESEMBER!D34="", 0, DESEMBER!D34) -> 0 | D22: =C22-B22 -> 0 | E22: =IF(AND(C22=0,B22=0),0,IF(AND(B22=0,C22>0),1,(C22-B22)/B22)) -> 0
A23: 20 | B23: =IF(NOVEMBER!D35="", 0, NOVEMBER!D35) -> 7350000 | C23: =IF(DESEMBER!D35="", 0, DESEMBER!D35) -> 0 | D23: =C23-B23 -> -7350000 | E23: =IF(AND(C23=0,B23=0),0,IF(AND(B23=0,C23>0),1,(C23-B23)/B23)) -> -1
A24: 21 | B24: =IF(NOVEMBER!D36="", 0, NOVEMBER!D36) -> 0 | C24: =IF(DESEMBER!D36="", 0, DESEMBER!D36) -> 0 | D24: =C24-B24 -> 0 | E24: =IF(AND(C24=0,B24=0),0,IF(AND(B24=0,C24>0),1,(C24-B24)/B24)) -> 0
A25: 22 | B25: =IF(NOVEMBER!D37="", 0, NOVEMBER!D37) -> 1790000 | C25: =IF(DESEMBER!D37="", 0, DESEMBER!D37) -> 0 | D25: =C25-B25 -> -1790000 | E25: =IF(AND(C25=0,B25=0),0,IF(AND(B25=0,C25>0),1,(C25-B25)/B25)) -> -1
A26: 23 | B26: =IF(NOVEMBER!D38="", 0, NOVEMBER!D38) -> 0 | C26: =IF(DESEMBER!D38="", 0, DESEMBER!D38) -> 0 | D26: =C26-B26 -> 0 | E26: =IF(AND(C26=0,B26=0),0,IF(AND(B26=0,C26>0),1,(C26-B26)/B26)) -> 0
A27: 24 | B27: =IF(NOVEMBER!D39="", 0, NOVEMBER!D39) -> 0 | C27: =IF(DESEMBER!D39="", 0, DESEMBER!D39) -> 0 | D27: =C27-B27 -> 0 | E27: =IF(AND(C27=0,B27=0),0,IF(AND(B27=0,C27>0),1,(C27-B27)/B27)) -> 0 | G27: PENDAPATAN 1/12/2025
A28: 25 | B28: =IF(NOVEMBER!D40="", 0, NOVEMBER!D40) -> 0 | C28: =IF(DESEMBER!D40="", 0, DESEMBER!D40) -> 0 | D28: =C28-B28 -> 0 | E28: =IF(AND(C28=0,B28=0),0,IF(AND(B28=0,C28>0),1,(C28-B28)/B28)) -> 0 | G28: SUMMARY
A29: 26 | B29: =IF(NOVEMBER!D41="", 0, NOVEMBER!D41) -> 0 | C29: =IF(DESEMBER!D41="", 0, DESEMBER!D41) -> 1595000 | D29: =C29-B29 -> 1595000 | E29: =IF(AND(C29=0,B29=0),0,IF(AND(B29=0,C29>0),1,(C29-B29)/B29)) -> 1 | G29: BULAN | H29: TOTAL ORDER | I29: %Growth | J29: TARGET
A30: 27 | B30: =IF(NOVEMBER!D42="", 0, NOVEMBER!D42) -> 0 | C30: =IF(DESEMBER!D42="", 0, DESEMBER!D42) -> 0 | D30: =C30-B30 -> 0 | E30: =IF(AND(C30=0,B30=0),0,IF(AND(B30=0,C30>0),1,(C30-B30)/B30)) -> 0 | G30: NOVEMBER | H30: =B5 -> 0 | I30: =IF(AND(H30=0,H31=0),0,IF(AND(H30=0,H31>0),1,(H31-H30)/H30)) -> 1 | J30: =NOVEMBER!$E$7 -> 70000000
A31: 28 | B31: =IF(NOVEMBER!D43="", 0, NOVEMBER!D43) -> 0 | C31: =IF(DESEMBER!D43="", 0, DESEMBER!D43) -> 0 | D31: =C31-B31 -> 0 | E31: =IF(AND(C31=0,B31=0),0,IF(AND(B31=0,C31>0),1,(C31-B31)/B31)) -> 0 | G31: DESEMBER | H31: =C5 -> 4760000 | J31: =DESEMBER!$F$7 -> 70000000
A32: 29 | B32: =IF(NOVEMBER!D44="", 0, NOVEMBER!D44) -> 0 | C32: =IF(DESEMBER!D44="", 0, DESEMBER!D44) -> 24720000 | D32: =C32-B32 -> 24720000 | E32: =IF(AND(C32=0,B32=0),0,IF(AND(B32=0,C32>0),1,(C32-B32)/B32)) -> 1
A33: 30 | B33: =IF(NOVEMBER!D45="", 0, NOVEMBER!D45) -> 0 | C33: =IF(DESEMBER!D45="", 0, DESEMBER!D45) -> 0 | D33: =C33-B33 -> 0 | E33: =IF(AND(C33=0,B33=0),0,IF(AND(B33=0,C33>0),1,(C33-B33)/B33)) -> 0 | G33: =LET( bulanLalu, G30, bulanIni, G31, orderLalu, H30, orderIni, H31, perubahan, IF(orderLalu=0, 0, (orderIni - orderLalu) / orderLalu), IF( orderLalu=0, IF( orderIni=0, "Order tetap 0% antara " & bulanLalu & " dan " & bulanIni, "Order naik 100% dari " & bulanLalu & " ke " & bulanIni ), IF( orderIni > orderLalu, "Order naik " & TEXT(perubahan, "0%") & " dari " & bulanLalu & " ke " & bulanIni, IF( orderIni < orderLalu, "Order turun " & TEXT(ABS(perubahan), "0%") & " dari " & bulanLalu & " ke " & bulanIni, "Order tetap 0% antara " & bulanLalu & " dan " & bulanIni ) ) ) ) -> Order naik 100% dari NOVEMBER ke DESEMBER
A34: 31 | B34: =IF(NOVEMBER!D46="", 0, NOVEMBER!D46) -> 0 | C34: =IF(DESEMBER!D46="", 0, DESEMBER!D46) -> 0 | D34: =C34-B34 -> 0 | E34: =IF(AND(C34=0,B34=0),0,IF(AND(B34=0,C34>0),1,(C34-B34)/B34)) -> 0
A35: TOTAL | B35: =SUM(B4:B33) -> 31820000 | C35: =SUM(C4:C34) -> 39685000
G53: PENDAPATAN 3/12/2025
G54: SUMMARY
G55: BULAN | H55: TOTAL ORDER | I55: %Growth | J55: TARGET
G56: NOVEMBER | H56: =B6 -> 0 | I56: =IF(AND(H56=0,H57=0),0,IF(AND(H56=0,H57>0),1,(H57-H56)/H56)) -> 1 | J56: =NOVEMBER!$E$7 -> 70000000
G57: DESEMBER | H57: =C6 -> 1800000 | J57: =NOVEMBER!$E$7 -> 70000000
G59: =LET( bulanLalu, G56, bulanIni, G57, orderLalu, H56, orderIni, H57, perubahan, IF(orderLalu=0, 0, (orderIni - orderLalu) / orderLalu), IF( orderLalu=0, IF( orderIni=0, "Order tetap 0% antara " & bulanLalu & " dan " & bulanIni, "Order naik 100% dari " & bulanLalu & " ke " & bulanIni ), IF( orderIni > orderLalu, "Order naik " & TEXT(perubahan, "0%") & " dari " & bulanLalu & " ke " & bulanIni, IF( orderIni < orderLalu, "Order turun " & TEXT(ABS(perubahan), "0%") & " dari " & bulanLalu & " ke " & bulanIni, "Order tetap 0% antara " & bulanLalu & " dan " & bulanIni ) ) ) ) -> Order naik 100% dari NOVEMBER ke DESEMBER
G79: PENDAPATAN 4/12/2025
G80: SUMMARY
G81: BULAN | H81: TOTAL ORDER | I81: %Growth | J81: TARGET
G82: NOVEMBER | H82: =B7 -> 200000 | I82: =IF(AND(H82=0,H83=0),0,IF(AND(H82=0,H83>0),1,(H83-H82)/H82)) -> 2.375 | J82: =OKTOBER!$D$7
G83: DESEMBER | H83: =C7 -> 675000 | J83: =NOVEMBER!$E$7 -> 70000000
G85: =LET( bulanLalu, G82, bulanIni, G83, orderLalu, H82, orderIni, H83, perubahan, IF(orderLalu=0, 0, (orderIni - orderLalu) / orderLalu), IF( orderLalu=0, IF( orderIni=0, "Order tetap 0% antara " & bulanLalu & " dan " & bulanIni, "Order naik 100% dari " & bulanLalu & " ke " & bulanIni ), IF( orderIni > orderLalu, "Order naik " & TEXT(perubahan, "0%") & " dari " & bulanLalu & " ke " & bulanIni, IF( orderIni < orderLalu, "Order turun " & TEXT(ABS(perubahan), "0%") & " dari " & bulanLalu & " ke " & bulanIni, "Order tetap 0% antara " & bulanLalu & " dan " & bulanIni ) ) ) ) -> Order naik 238% dari NOVEMBER ke DESEMBER
G104: PENDAPATAN 5/12/2025
G105: SUMMARY
G106: BULAN | H106: TOTAL ORDER | I106: %Growth | J106: TARGET
G107: NOVEMBER | H107: =B8 -> 0 | I107: =IF(AND(H107=0,H108=0),0,IF(AND(H107=0,H108>0),1,(H108-H107)/H107)) -> 1 | J107: =OKTOBER!$D$7
G108: DESEMBER | H108: =C8 -> 205000 | J108: =NOVEMBER!$E$7 -> 70000000
G110: =LET( bulanLalu, G107, bulanIni, G108, orderLalu, H107, orderIni, H108, perubahan, IF(orderLalu=0, 0, (orderIni - orderLalu) / orderLalu), IF( orderLalu=0, IF( orderIni=0, "Order tetap 0% antara " & bulanLalu & " dan " & bulanIni, "Order naik 100% dari " & bulanLalu & " ke " & bulanIni ), IF( orderIni > orderLalu, "Order naik " & TEXT(perubahan, "0%") & " dari " & bulanLalu & " ke " & bulanIni, IF( orderIni < orderLalu, "Order turun " & TEXT(ABS(perubahan), "0%") & " dari " & bulanLalu & " ke " & bulanIni, "Order tetap 0% antara " & bulanLalu & " dan " & bulanIni ) ) ) ) -> Order naik 100% dari NOVEMBER ke DESEMBER
G129: PENDAPATAN 6/11/2025
G130: SUMMARY
G131: BULAN | H131: TOTAL ORDER | I131: %Growth | J131: TARGET
G132: OKTOBER | H132: =B9 -> 0 | I132: =IF(AND(H132=0,H133=0),0,IF(AND(H132=0,H133>0),1,(H133-H132)/H132)) -> 0 | J132: =OKTOBER!$D$7
G133: NOVEMBER | H133: =C9 -> 0 | J133: =NOVEMBER!$E$7 -> 70000000
G135: =LET( bulanLalu, G132, bulanIni, G133, orderLalu, H132, orderIni, H133, perubahan, IF(orderLalu=0, 0, (orderIni - orderLalu) / orderLalu), IF( orderLalu=0, IF( orderIni=0, "Order tetap 0% antara " & bulanLalu & " dan " & bulanIni, "Order naik 100% dari " & bulanLalu & " ke " & bulanIni ), IF( orderIni > orderLalu, "Order naik " & TEXT(perubahan, "0%") & " dari " & bulanLalu & " ke " & bulanIni, IF( orderIni < orderLalu, "Order turun " & TEXT(ABS(perubahan), "0%") & " dari " & bulanLalu & " ke " & bulanIni, "Order tetap 0% antara " & bulanLalu & " dan " & bulanIni ) ) ) ) -> Order tetap 0% antara OKTOBER dan NOVEMBER
G154: PENDAPATAN 8/12/2025
G155: SUMMARY
G156: BULAN | H156: TOTAL ORDER | I156: %Growth | J156: TARGET
G157: OKTOBER | H157: =B11 -> 0 | I157: =IF(AND(H157=0,H158=0),0,IF(AND(H157=0,H158>0),1,(H158-H157)/H157)) -> 0 | J157: =OKTOBER!$D$7
G158: NOVEMBER | H158: =C11 -> 0 | J158: =NOVEMBER!$E$7 -> 70000000
G160: =LET( bulanLalu, G157, bulanIni, G158, orderLalu, H157, orderIni, H158, perubahan, IF(orderLalu=0, 0, (orderIni - orderLalu) / orderLalu), IF( orderLalu=0, IF( orderIni=0, "Order tetap 0% antara " & bulanLalu & " dan " & bulanIni, "Order naik 100% dari " & bulanLalu & " ke " & bulanIni ), IF( orderIni > orderLalu, "Order naik " & TEXT(perubahan, "0%") & " dari " & bulanLalu & " ke " & bulanIni, IF( orderIni < orderLalu, "Order turun " & TEXT(ABS(perubahan), "0%") & " dari " & bulanLalu & " ke " & bulanIni, "Order tetap 0% antara " & bulanLalu & " dan " & bulanIni ) ) ) ) -> Order tetap 0% antara OKTOBER dan NOVEMBER
G179: PENDAPATAN 22/11/2025
G180: PENDAPATAN 9/12/2025
G181: SUMMARY
G182: BULAN | H182: TOTAL ORDER | I182: %Growth | J182: TARGET
G183: OKTOBER | H183: =B12 -> 0 | I183: =IF(AND(H183=0,H184=0),0,IF(AND(H183=0,H184>0),1,(H184-H183)/H183)) -> 0 | J183: =OKTOBER!$D$7
G184: NOVEMBER | H184: =C12 -> 0 | J184: =NOVEMBER!$E$7 -> 70000000
G186: =LET( bulanLalu, G183, bulanIni, G184, orderLalu, H183, orderIni, H184, perubahan, IF(orderLalu=0, 0, (orderIni - orderLalu) / orderLalu), IF( orderLalu=0, IF( orderIni=0, "Order tetap 0% antara " & bulanLalu & " dan " & bulanIni, "Order naik 100% dari " & bulanLalu & " ke " & bulanIni ), IF( orderIni > orderLalu, "Order naik " & TEXT(perubahan, "0%") & " dari " & bulanLalu & " ke " & bulanIni, IF( orderIni < orderLalu, "Order turun " & TEXT(ABS(perubahan), "0%") & " dari " & bulanLalu & " ke " & bulanIni, "Order tetap 0% antara " & bulanLalu & " dan " & bulanIni ) ) ) ) -> Order tetap 0% antara OKTOBER dan NOVEMBER
G205: PENDAPATAN 10/11/2025
G206: SUMMARY
G207: BULAN | H207: TOTAL ORDER | I207: %Growth | J207: TARGET
G208: OKTOBER | H208: =B13 -> 0 | I208: =IF(AND(H208=0,H209=0),0,IF(AND(H208=0,H209>0),1,(H209-H208)/H208)) -> 0 | J208: =OKTOBER!$D$7
G209: NOVEMBER | H209: =C13 -> 0 | J209: =NOVEMBER!$E$7 -> 70000000
G211: =LET( bulanLalu, G208, bulanIni, G209, orderLalu, H208, orderIni, H209, perubahan, IF(orderLalu=0, 0, (orderIni - orderLalu) / orderLalu), IF( orderLalu=0, IF( orderIni=0, "Order tetap 0% antara " & bulanLalu & " dan " & bulanIni, "Order naik 100% dari " & bulanLalu & " ke " & bulanIni ), IF( orderIni > orderLalu, "Order naik " & TEXT(perubahan, "0%") & " dari " & bulanLalu & " ke " & bulanIni, IF( orderIni < orderLalu, "Order turun " & TEXT(ABS(perubahan), "0%") & " dari " & bulanLalu & " ke " & bulanIni, "Order tetap 0% antara " & bulanLalu & " dan " & bulanIni ) ) ) ) -> Order tetap 0% antara OKTOBER dan NOVEMBER
G230: PENDAPATAN 11/12/2025
G231: SUMMARY
G232: BULAN | H232: TOTAL ORDER | I232: %Growth | J232: TARGET
G233: NOVEMBER | H233: =B14 -> 3215000 | I233: =IF(AND(H233=0,H234=0),0,IF(AND(H233=0,H234>0),1,(H234-H233)/H233)) -> -1 | J233: =OKTOBER!$D$7
G234: DESEMBER | H234: =C14 -> 0 | J234: =NOVEMBER!$E$7 -> 70000000
G236: =LET( bulanLalu, G233, bulanIni, G234, orderLalu, H233, orderIni, H234, perubahan, IF(orderLalu=0, 0, (orderIni - orderLalu) / orderLalu), IF( orderLalu=0, IF( orderIni=0, "Order tetap 0% antara " & bulanLalu & " dan " & bulanIni, "Order naik 100% dari " & bulanLalu & " ke " & bulanIni ), IF( orderIni > orderLalu, "Order naik " & TEXT(perubahan, "0%") & " dari " & bulanLalu & " ke " & bulanIni, IF( orderIni < orderLalu, "Order turun " & TEXT(ABS(perubahan), "0%") & " dari " & bulanLalu & " ke " & bulanIni, "Order tetap 0% antara " & bulanLalu & " dan " & bulanIni ) ) ) ) -> Order turun 100% dari NOVEMBER ke DESEMBER
G256: PENDAPATAN 12/12/2025
G257: SUMMARY
G258: BULAN | H258: TOTAL ORDER | I258: %Growth | J258: TARGET
G259: NOVEMBER | H259: =B15 -> 11535000 | I259: =IF(AND(H259=0,H260=0),0,IF(AND(H259=0,H260>0),1,(H260-H259)/H259)) -> -1 | J259: =OKTOBER!$D$7
G260: DESEMBER | H260: =C15 -> 0 | J260: =NOVEMBER!$E$7 -> 70000000
G262: =LET( bulanLalu, G259, bulanIni, G260, orderLalu, H259, orderIni, H260, perubahan, IF(orderLalu=0, 0, (orderIni - orderLalu) / orderLalu), IF( orderLalu=0, IF( orderIni=0, "Order tetap 0% antara " & bulanLalu & " dan " & bulanIni, "Order naik 100% dari " & bulanLalu & " ke " & bulanIni ), IF( orderIni > orderLalu, "Order naik " & TEXT(perubahan, "0%") & " dari " & bulanLalu & " ke " & bulanIni, IF( orderIni < orderLalu, "Order turun " & TEXT(ABS(perubahan), "0%") & " dari " & bulanLalu & " ke " & bulanIni, "Order tetap 0% antara " & bulanLalu & " dan " & bulanIni ) ) ) ) -> Order turun 100% dari NOVEMBER ke DESEMBER
G282: PENDAPATAN 13/12/2025
G283: SUMMARY
G284: BULAN | H284: TOTAL ORDER | I284: %Growth | J284: TARGET
G285: NOVEMBER | H285: =B16 -> 0 | I285: =IF(AND(H285=0,H286=0),0,IF(AND(H285=0,H286>0),1,(H286-H285)/H285)) -> 1 | J285: =OKTOBER!$D$7
G286: DESEMBER | H286: =C16 -> 170000 | J286: =NOVEMBER!$E$7 -> 70000000
G288: =LET( bulanLalu, G285, bulanIni, G286, orderLalu, H285, orderIni, H286, perubahan, IF(orderLalu=0, 0, (orderIni - orderLalu) / orderLalu), IF( orderLalu=0, IF( orderIni=0, "Order tetap 0% antara " & bulanLalu & " dan " & bulanIni, "Order naik 100% dari " & bulanLalu & " ke " & bulanIni ), IF( orderIni > orderLalu, "Order naik " & TEXT(perubahan, "0%") & " dari " & bulanLalu & " ke " & bulanIni, IF( orderIni < orderLalu, "Order turun " & TEXT(ABS(perubahan), "0%") & " dari " & bulanLalu & " ke " & bulanIni, "Order tetap 0% antara " & bulanLalu & " dan " & bulanIni ) ) ) ) -> Order naik 100% dari NOVEMBER ke DESEMBER
G308: PENDAPATAN 15/12/2025
G309: SUMMARY
G310: BULAN | H310: TOTAL ORDER | I310: %Growth | J310: TARGET
G311: NOVEMBER | H311: =B18 -> 0 | I311: =IF(AND(H311=0,H312=0),0,IF(AND(H311=0,H312>0),1,(H312-H311)/H311)) -> 0 | J311: =OKTOBER!$D$7
...

Sheet HARIAN NOVEMBER
G1: PENDAPATAN 19/11/2025
A2: RINCIAN | G2: SUMMARY
A3: Tanggal | B3: Order Oktober | C3: Order November | D3: Selisih | E3: % Growth | G3: BULAN | H3: TOTAL ORDER | I3: %Growth | J3: TARGET
A4: 45962 | B4: =IFERROR( INDEX('ORDER MASUK OKTOBER'!E:E, MATCH(A4, DAY('ORDER MASUK OKTOBER'!A:A), 0 ) ), 0 ) -> 0 | C4: =SUMIF('BULAN BERJALAN BANUA'!D:D, A4, 'BULAN BERJALAN BANUA'!H:H) -> 130000 | D4: =C4-B4 -> 130000 | E4: =IF(AND(B4=0,C4=0),0,IF(AND(B4=0,C4>0),1,(C4-B4)/B4)) -> 1 | G4: OKTOBER | H4: =B35 -> 0 | I4: =IF(AND(H4=0,H5=0),0,IF(AND(H4=0,H5>0),1,(H5-H4)/H4)) -> 1 | J4: =OKTOBER!$D$7
A5: 45963 | B5: =IFERROR( INDEX('ORDER MASUK OKTOBER'!E:E, MATCH(A5, DAY('ORDER MASUK OKTOBER'!A:A), 0 ) ), 0 ) -> 0 | C5: =SUMIF('BULAN BERJALAN BANUA'!D:D, A5, 'BULAN BERJALAN BANUA'!H:H) -> 0 | D5: =C5-B5 -> 0 | E5: =IF(AND(B5=0,C5=0),0,IF(AND(B5=0,C5>0),1,(C5-B5)/B5)) -> 0 | G5: NOVEMBER | H5: =C35 -> 31820000 | J5: =NOVEMBER!$E$7 -> 70000000
A6: 45964 | B6: =IFERROR( INDEX('ORDER MASUK OKTOBER'!E:E, MATCH(A6, DAY('ORDER MASUK OKTOBER'!A:A), 0 ) ), 0 ) -> 0 | C6: =SUMIF('BULAN BERJALAN BANUA'!D:D, A6, 'BULAN BERJALAN BANUA'!H:H) -> 0 | D6: =C6-B6 -> 0 | E6: =IF(AND(B6=0,C6=0),0,IF(AND(B6=0,C6>0),1,(C6-B6)/B6)) -> 0
A7: 45965 | B7: =IFERROR( INDEX('ORDER MASUK OKTOBER'!E:E, MATCH(A7, DAY('ORDER MASUK OKTOBER'!A:A), 0 ) ), 0 ) -> 0 | C7: =SUMIF('BULAN BERJALAN BANUA'!D:D, A7, 'BULAN BERJALAN BANUA'!H:H) -> 200000 | D7: =C7-B7 -> 200000 | E7: =IF(AND(B7=0,C7=0),0,IF(AND(B7=0,C7>0),1,(C7-B7)/B7)) -> 1 | G7: =LET( bulanLalu, G4, bulanIni, G5, orderLalu, H4, orderIni, H5, perubahan, (orderIni - orderLalu) / orderLalu, IF( orderIni > orderLalu, "Order naik " & TEXT(perubahan,"0%") & " dari " & bulanLalu & " ke " & bulanIni, IF( orderIni < orderLalu, "Order turun " & TEXT(ABS(perubahan),"0%") & " dari " & bulanLalu & " ke " & bulanIni, "Order tetap sama antara " & bulanLalu & " dan " & bulanIni ) ) ) -> #DIV/0!
A8: 45966 | B8: 0 | C8: =SUMIF('BULAN BERJALAN BANUA'!D:D, A8, 'BULAN BERJALAN BANUA'!H:H) -> 0 | D8: =C8-B8 -> 0 | E8: =IF(AND(B8=0,C8=0),0,IF(AND(B8=0,C8>0),1,(C8-B8)/B8)) -> 0
A9: 45967 | B9: =OKTOBER!D21 | C9: =SUMIF('BULAN BERJALAN BANUA'!D:D, A9, 'BULAN BERJALAN BANUA'!H:H) -> 0 | D9: =C9-B9 -> 0 | E9: =IF(AND(B9=0,C9=0),0,IF(AND(B9=0,C9>0),1,(C9-B9)/B9)) -> 0
A10: 45968 | B10: =OKTOBER!D22 | C10: =IF(NOVEMBER!D22="", 0, NOVEMBER!D22) -> 0 | D10: =C10-B10 -> 0 | E10: =IF(AND(B10=0,C10=0),0,IF(AND(B10=0,C10>0),1,(C10-B10)/B10)) -> 0
A11: 45969 | B11: =OKTOBER!D23 | C11: =IF(NOVEMBER!D23="", 0, NOVEMBER!D23) -> 0 | D11: =C11-B11 -> 0 | E11: =IF(AND(B11=0,C11=0),0,IF(AND(B11=0,C11>0),1,(C11-B11)/B11)) -> 0
A12: 45970 | B12: =OKTOBER!D24 | C12: =IF(NOVEMBER!D24="", 0, NOVEMBER!D24) -> 0 | D12: =C12-B12 -> 0 | E12: =IF(AND(B12=0,C12=0),0,IF(AND(B12=0,C12>0),1,(C12-B12)/B12)) -> 0
A13: 45971 | B13: =OKTOBER!D25 | C13: =IF(NOVEMBER!D25="", 0, NOVEMBER!D25) -> 0 | D13: =C13-B13 -> 0 | E13: =IF(AND(B13=0,C13=0),0,IF(AND(B13=0,C13>0),1,(C13-B13)/B13)) -> 0
A14: 45972 | B14: =OKTOBER!D26 | C14: =IF(NOVEMBER!D26="", 0, NOVEMBER!D26) -> 3215000 | D14: =C14-B14 -> 3215000 | E14: =IF(AND(B14=0,C14=0),0,IF(AND(B14=0,C14>0),1,(C14-B14)/B14)) -> 1
A15: 45973 | B15: =OKTOBER!D27 | C15: =IF(NOVEMBER!D27="", 0, NOVEMBER!D27) -> 11535000 | D15: =C15-B15 -> 11535000 | E15: =IF(AND(B15=0,C15=0),0,IF(AND(B15=0,C15>0),1,(C15-B15)/B15)) -> 1
A16: 45974 | B16: =OKTOBER!D28 | C16: =IF(NOVEMBER!D28="", 0, NOVEMBER!D28) -> 0 | D16: =C16-B16 -> 0 | E16: =IF(AND(B16=0,C16=0),0,IF(AND(B16=0,C16>0),1,(C16-B16)/B16)) -> 0
A17: 45975 | B17: =OKTOBER!D29 | C17: =IF(NOVEMBER!D29="", 0, NOVEMBER!D29) -> 250000 | D17: =C17-B17 -> 250000 | E17: =IF(AND(B17=0,C17=0),0,IF(AND(B17=0,C17>0),1,(C17-B17)/B17)) -> 1
A18: 45976 | B18: =OKTOBER!D30 | C18: =IF(NOVEMBER!D30="", 0, NOVEMBER!D30) -> 0 | D18: =C18-B18 -> 0 | E18: =IF(AND(B18=0,C18=0),0,IF(AND(B18=0,C18>0),1,(C18-B18)/B18)) -> 0
A19: 45977 | B19: =OKTOBER!D31 | C19: =IF(NOVEMBER!D31="", 0, NOVEMBER!D31) -> 0 | D19: =C19-B19 -> 0 | E19: =IF(AND(B19=0,C19=0),0,IF(AND(B19=0,C19>0),1,(C19-B19)/B19)) -> 0
A20: 45978 | B20: =OKTOBER!D32 | C20: =NOVEMBER!D35 -> 7350000 | D20: =C20-B20 -> 7350000 | E20: =IF(AND(B20=0,C20=0),0,IF(AND(B20=0,C20>0),1,(C20-B20)/B20)) -> 1
A21: 45979 | B21: =OKTOBER!D33 | C21: =IF(NOVEMBER!D33="", 0, NOVEMBER!D33) -> 0 | D21: =C21-B21 -> 0 | E21: =IF(AND(B21=0,C21=0),0,IF(AND(B21=0,C21>0),1,(C21-B21)/B21)) -> 0
A22: 45980 | B22: 0 | C22: =IF(NOVEMBER!D34="", 0, NOVEMBER!D34) -> 0 | D22: =C22-B22 -> 0 | E22: =IF(AND(B22=0,C22=0),0,IF(AND(B22=0,C22>0),1,(C22-B22)/B22)) -> 0
A23: 45981 | B23: =OKTOBER!D35 | C23: =IF(NOVEMBER!D35="", 0, NOVEMBER!D35) -> 7350000 | D23: =C23-B23 -> 7350000 | E23: =IF(AND(B23=0,C23=0),0,IF(AND(B23=0,C23>0),1,(C23-B23)/B23)) -> 1
A24: 45982 | B24: =OKTOBER!D36 | C24: =IF(NOVEMBER!D36="", 0, NOVEMBER!D36) -> 0 | D24: =C24-B24 -> 0 | E24: =IF(AND(B24=0,C24=0),0,IF(AND(B24=0,C24>0),1,(C24-B24)/B24)) -> 0
A25: 45983 | B25: =OKTOBER!D37 | C25: =IF(NOVEMBER!D37="", 0, NOVEMBER!D37) -> 1790000 | D25: =C25-B25 -> 1790000 | E25: =IF(AND(B25=0,C25=0),0,IF(AND(B25=0,C25>0),1,(C25-B25)/B25)) -> 1
A26: 45984 | B26: =OKTOBER!D38 | C26: =IF(NOVEMBER!D38="", 0, NOVEMBER!D38) -> 0 | D26: =C26-B26 -> 0 | E26: =IF(AND(B26=0,C26=0),0,IF(AND(B26=0,C26>0),1,(C26-B26)/B26)) -> 0
A27: 45985 | B27: =OKTOBER!D39 | C27: =IF(NOVEMBER!D39="", 0, NOVEMBER!D39) -> 0 | D27: =C27-B27 -> 0 | E27: =IF(AND(B27=0,C27=0),0,IF(AND(B27=0,C27>0),1,(C27-B27)/B27)) -> 0 | G27: PENDAPATAN 15/11/2025
A28: 45986 | B28: =OKTOBER!D40 | C28: =IF(NOVEMBER!D40="", 0, NOVEMBER!D40) -> 0 | D28: =C28-B28 -> 0 | E28: =IF(AND(B28=0,C28=0),0,IF(AND(B28=0,C28>0),1,(C28-B28)/B28)) -> 0 | G28: SUMMARY
A29: 45987 | B29: =OKTOBER!D41 | C29: =IF(NOVEMBER!D41="", 0, NOVEMBER!D41) -> 0 | D29: =C29-B29 -> 0 | E29: =IF(AND(B29=0,C29=0),0,IF(AND(B29=0,C29>0),1,(C29-B29)/B29)) -> 0 | G29: BULAN | H29: TOTAL ORDER | I29: %Growth | J29: TARGET
A30: 45988 | B30: =OKTOBER!D42 | C30: =IF(NOVEMBER!D42="", 0, NOVEMBER!D42) -> 0 | D30: =C30-B30 -> 0 | E30: =IF(AND(B30=0,C30=0),0,IF(AND(B30=0,C30>0),1,(C30-B30)/B30)) -> 0 | G30: OKTOBER | H30: =B18 | I30: =IF(AND(H30=0,H31=0),0,IF(AND(H30=0,H31>0),1,(H31-H30)/H30)) -> 0 | J30: =OKTOBER!$D$7
A31: 45989 | B31: =OKTOBER!D43 | C31: =IF(NOVEMBER!D43="", 0, NOVEMBER!D43) -> 0 | D31: =C31-B31 -> 0 | E31: =IF(AND(B31=0,C31=0),0,IF(AND(B31=0,C31>0),1,(C31-B31)/B31)) -> 0 | G31: NOVEMBER | H31: =C18 -> 0 | J31: =NOVEMBER!$E$7 -> 70000000
A32: 45990 | B32: =OKTOBER!D44 | C32: =IF(NOVEMBER!D44="", 0, NOVEMBER!D44) -> 0 | D32: =C32-B32 -> 0 | E32: =IF(AND(B32=0,C32=0),0,IF(AND(B32=0,C32>0),1,(C32-B32)/B32)) -> 0
A33: 45991 | B33: =OKTOBER!D45 | C33: =IF(NOVEMBER!D45="", 0, NOVEMBER!D45) -> 0 | D33: =C33-B33 -> 0 | E33: =IF(AND(B33=0,C33=0),0,IF(AND(B33=0,C33>0),1,(C33-B33)/B33)) -> 0 | G33: =LET( bulanLalu, G30, bulanIni, G31, orderLalu, H30, orderIni, H31, perubahan, (orderIni - orderLalu) / orderLalu, IF( orderIni > orderLalu, "Order naik " & TEXT(perubahan,"0%") & " dari " & bulanLalu & " ke " & bulanIni, IF( orderIni < orderLalu, "Order turun " & TEXT(ABS(perubahan),"0%") & " dari " & bulanLalu & " ke " & bulanIni, "Order tetap sama antara " & bulanLalu & " dan " & bulanIni ) ) ) -> Order tetap sama antara OKTOBER dan NOVEMBER
A34: 45992 | B34: =OKTOBER!D46 | C34: =IF(NOVEMBER!D46="", 0, NOVEMBER!D46) -> 0
A35: TOTAL | B35: =SUM(B4:B34) -> 0 | C35: =SUM(C4:C33) -> 31820000
G53: PENDAPATAN 16/11/2025
G54: SUMMARY
G55: BULAN | H55: TOTAL ORDER | I55: %Growth | J55: TARGET
G56: OKTOBER | H56: =B19 | I56: =IF(AND(H56=0,H57=0),0,IF(AND(H56=0,H57>0),1,(H57-H56)/H56)) -> 0 | J56: =OKTOBER!$D$7
G57: NOVEMBER | H57: =C19 -> 0 | J57: =NOVEMBER!$E$7 -> 70000000
G59: =LET( bulanLalu, G56, bulanIni, G57, orderLalu, H56, orderIni, H57, perubahan, (orderIni - orderLalu) / orderLalu, IF( orderIni > orderLalu, "Order naik " & TEXT(perubahan,"0%") & " dari " & bulanLalu & " ke " & bulanIni, IF( orderIni < orderLalu, "Order turun " & TEXT(ABS(perubahan),"0%") & " dari " & bulanLalu & " ke " & bulanIni, "Order tetap sama antara " & bulanLalu & " dan " & bulanIni ) ) ) -> Order tetap sama antara OKTOBER dan NOVEMBER
G79: PENDAPATAN 17/11/2025
G80: SUMMARY
G81: BULAN | H81: TOTAL ORDER | I81: %Growth | J81: TARGET
G82: OKTOBER | H82: =B20 | I82: =IF(AND(H82=0,H83=0),0,IF(AND(H82=0,H83>0),1,(H83-H82)/H82)) -> 1 | J82: =OKTOBER!$D$7
G83: NOVEMBER | H83: =C20 -> 7350000 | J83: =NOVEMBER!$E$7 -> 70000000
G85: =LET( bulanLalu, G82, bulanIni, G83, orderLalu, H82, orderIni, H83, perubahan, (orderIni - orderLalu) / orderLalu, IF( orderIni > orderLalu, "Order naik " & TEXT(perubahan,"0%") & " dari " & bulanLalu & " ke " & bulanIni, IF( orderIni < orderLalu, "Order turun " & TEXT(ABS(perubahan),"0%") & " dari " & bulanLalu & " ke " & bulanIni, "Order tetap sama antara " & bulanLalu & " dan " & bulanIni ) ) ) -> #DIV/0!
G104: PENDAPATAN 19/11/2025
G105: SUMMARY
G106: BULAN | H106: TOTAL ORDER | I106: %Growth | J106: TARGET
G107: OKTOBER | H107: =B22 -> 0 | I107: =IF(AND(H107=0,H108=0),0,IF(AND(H107=0,H108>0),1,(H108-H107)/H107)) -> 0 | J107: =OKTOBER!$D$7
G108: NOVEMBER | H108: =C22 -> 0 | J108: =NOVEMBER!$E$7 -> 70000000
G110: =LET( bulanLalu, G107, bulanIni, G108, orderLalu, H107, orderIni, H108, perubahan, (orderIni - orderLalu) / orderLalu, IF( orderIni > orderLalu, "Order naik " & TEXT(perubahan,"0%") & " dari " & bulanLalu & " ke " & bulanIni, IF( orderIni < orderLalu, "Order turun " & TEXT(ABS(perubahan),"0%") & " dari " & bulanLalu & " ke " & bulanIni, "Order tetap sama antara " & bulanLalu & " dan " & bulanIni ) ) ) -> Order tetap sama antara OKTOBER dan NOVEMBER
G129: PENDAPATAN 20/11/2025
G130: SUMMARY
G131: BULAN | H131: TOTAL ORDER | I131: %Growth | J131: TARGET
G132: OKTOBER | H132: =B23 | I132: =IF(AND(H132=0,H133=0),0,IF(AND(H132=0,H133>0),1,(H133-H132)/H132)) -> 1 | J132: =OKTOBER!$D$7
G133: NOVEMBER | H133: =C23 -> 7350000 | J133: =NOVEMBER!$E$7 -> 70000000
G135: =LET( bulanLalu, G132, bulanIni, G133, orderLalu, H132, orderIni, H133, perubahan, (orderIni - orderLalu) / orderLalu, IF( orderIni > orderLalu, "Order naik " & TEXT(perubahan,"0%") & " dari " & bulanLalu & " ke " & bulanIni, IF( orderIni < orderLalu, "Order turun " & TEXT(ABS(perubahan),"0%") & " dari " & bulanLalu & " ke " & bulanIni, "Order tetap sama antara " & bulanLalu & " dan " & bulanIni ) ) ) -> #DIV/0!
G154: PENDAPATAN 21/11/2025
G155: SUMMARY
G156: BULAN | H156: TOTAL ORDER | I156: %Growth | J156: TARGET
G157: OKTOBER | H157: =sum(B24) -> 0 | I157: =IF(AND(H157=0,H158=0),0,IF(AND(H157=0,H158>0),1,(H158-H157)/H157)) -> 0 | J157: =OKTOBER!$D$7
G158: NOVEMBER | H158: =sum(C24) -> 0 | J158: =NOVEMBER!$E$7 -> 70000000
G160: =LET( bulanLalu, G157, bulanIni, G158, orderLalu, H157, orderIni, H158, perubahan, (orderIni - orderLalu) / orderLalu, IF( orderIni > orderLalu, "Order naik " & TEXT(perubahan,"0%") & " dari " & bulanLalu & " ke " & bulanIni, IF( orderIni < orderLalu, "Order turun " & TEXT(ABS(perubahan),"0%") & " dari " & bulanLalu & " ke " & bulanIni, "Order tetap sama antara " & bulanLalu & " dan " & bulanIni ) ) ) -> Order tetap sama antara OKTOBER dan NOVEMBER
G179: PENDAPATAN 22/11/2025
G180: SUMMARY
G181: BULAN | H181: TOTAL ORDER | I181: %Growth | J181: TARGET
G182: OKTOBER | H182: =sum(B25) -> 0 | I182: =IF(AND(H182=0,H183=0),0,IF(AND(H182=0,H183>0),1,(H183-H182)/H182)) -> 1 | J182: =OKTOBER!$D$7
G183: NOVEMBER | H183: =sum(C25) -> 1790000 | J183: =NOVEMBER!$E$7 -> 70000000
G185: =LET( bulanLalu, G182, bulanIni, G183, orderLalu, H182, orderIni, H183, perubahan, (orderIni - orderLalu) / orderLalu, IF( orderIni > orderLalu, "Order naik " & TEXT(perubahan,"0%") & " dari " & bulanLalu & " ke " & bulanIni, IF( orderIni < orderLalu, "Order turun " & TEXT(ABS(perubahan),"0%") & " dari " & bulanLalu & " ke " & bulanIni, "Order tetap sama antara " & bulanLalu & " dan " & bulanIni ) ) ) -> #DIV/0!
G204: PENDAPATAN 24/11/2025
G205: SUMMARY
G206: BULAN | H206: TOTAL ORDER | I206: %Growth | J206: TARGET
G207: OKTOBER | H207: =sum(B26) -> 0 | I207: =IF(AND(H207=0,H208=0),0,IF(AND(H207=0,H208>0),1,(H208-H207)/H207)) -> 0 | J207: =OKTOBER!$D$7
G208: NOVEMBER | H208: =sum(C26) -> 0 | J208: =NOVEMBER!$E$7 -> 70000000
G210: =LET( bulanLalu, G207, bulanIni, G208, orderLalu, H207, orderIni, H208, perubahan, (orderIni - orderLalu) / orderLalu, IF( orderIni > orderLalu, "Order naik " & TEXT(perubahan,"0%") & " dari " & bulanLalu & " ke " & bulanIni, IF( orderIni < orderLalu, "Order turun " & TEXT(ABS(perubahan),"0%") & " dari " & bulanLalu & " ke " & bulanIni, "Order tetap sama antara " & bulanLalu & " dan " & bulanIni ) ) ) -> Order tetap sama antara OKTOBER dan NOVEMBER
G229: PENDAPATAN 25/11/2025
G230: SUMMARY
G231: BULAN | H231: TOTAL ORDER | I231: %Growth | J231: TARGET
G232: OKTOBER | H232: =sum(B27) -> 0 | I232: =IF(AND(H232=0,H233=0),0,IF(AND(H232=0,H233>0),1,(H233-H232)/H232)) -> 0 | J232: =OKTOBER!$D$7
G233: NOVEMBER | H233: =sum(C27) -> 0 | J233: =NOVEMBER!$E$7 -> 70000000
G235: =LET( bulanLalu, G232, bulanIni, G233, orderLalu, H232, orderIni, H233, perubahan, (orderIni - orderLalu) / orderLalu, IF( orderIni > orderLalu, "Order naik " & TEXT(perubahan,"0%") & " dari " & bulanLalu & " ke " & bulanIni, IF( orderIni < orderLalu, "Order turun " & TEXT(ABS(perubahan),"0%") & " dari " & bulanLalu & " ke " & bulanIni, "Order tetap sama antara " & bulanLalu & " dan " & bulanIni ) ) ) -> Order tetap sama antara OKTOBER dan NOVEMBER

Sheet OKTOBER
A1: =IFERROR(__xludf.DUMMYFUNCTION("IMPORTRANGE(""https://docs.google.com/spreadsheets/d/1rSRRK1VaWs-yNXj8xUy_yM8RUzlUDehsKxPlHX1Bls0/edit?usp=sharing"", ""TARGET OKTOBER!A:Z"") "),"#REF!") -> #REF!

Sheet NOVEMBER
A1: TARGET 2025
B4: Target Banua Konveksi
A5: 0 | C5: 9 | D5: 10 | E5: 11 | F5: 12 | G5: 1 | H5: 2 | I5: 3 | J5: 4 | K5: 5 | L5: 6 | M5: 7 | N5: 8
A6: No | B6: Nama Marketing | C6: September | D6: Oktober | E6: November | F6: Desember | G6: Januari | H6: Februari | I6: Maret | J6: April | K6: Mei | L6: Juni | M6: Juli | N6: Agustus
A7: 1 | B7: AJI PANGESTU | C7: 68000000 | D7: 68000000 | E7: 70000000 | F7: =F2*F4 -> 0 | G7: =G2*G4 -> 0 | H7: =H2*H4 -> 0 | I7: =I2*I4 -> 0 | J7: =J2*J4 -> 0 | K7: =K2*K4 -> 0 | L7: =L2*L4 -> 0 | M7: =M2*M4 -> 0 | N7: =N2*N4 -> 0
A8: 2 | C8: =C4*C2 -> 0 | D8: =D4*D2 -> 0 | E8: =E4*E2 -> 0 | F8: =F4*F2 -> 0 | G8: =G4*G2 -> 0 | H8: =H4*H2 -> 0 | I8: =I4*I2 -> 0 | J8: =J4*J2 -> 0 | ... N8: =N4*N2 -> 0
A9: 3 | C9: =C4*C2 -> 0 | D9: =D4*D2 -> 0 | E9: =E4*E2 -> 0 | F9: =F4*F2 -> 0 | G9: =G4*G2 -> 0 | H9: =H4*H2 -> 0 | I9: =I4*I2 -> 0 | J9: =J4*J2 -> 0 | ... N9: =N4*N2 -> 0
A10: 4 | C10: =C4*C2/2 -> 0 | D10: =D4*D2/2 -> 0 | E10: =E4*E2/2 -> 0 | F10: =F4*F2/2 -> 0 | G10: =G4*G2/2 -> 0 | H10: =H4*H2/2 -> 0 | I10: =I4*I2/2 -> 0 | J10: =J4*J2/2 -> 0 | ... N10: =N4*N2/2 -> 0
A11: TOTAL | C11: =SUM(C7:C10) -> 68000000 | D11: =SUM(D7:D10) -> 68000000 | E11: =SUM(E7:E10) -> 70000000 | F11: =SUM(F7:F10) -> 0 | G11: =SUM(G7:G10) -> 0 | H11: =SUM(H7:H10) -> 0 | I11: =SUM(I7:I10) -> 0 | J11: =SUM(J7:J10) -> 0 | ... N11: =SUM(N7:N10) -> 0
A13: TGL | B13: 45962 | C13: AJI PANGESTU
C14: BANUA KONVEKSI
C15: MARKETING OFFLINE | D15: ACTUAL
A16: 1 | B16: SABTU | C16: 4000000 | D16: 130000 | E16: Pak Billy
A17: 2 | B17: MINGGU
A18: 3 | B18: SENIN | C18: 4000000
A19: 4 | B19: SELASA | C19: 4000000 | D19: 200000 | E19: Kak Ninda
A20: 5 | B20: RABU | C20: 4000000
A21: 6 | B21: KAMIS | C21: 4000000
A22: 7 | B22: JUMAT | C22: 4000000
A23: 8 | B23: SABTU | C23: 4000000
A24: 9 | B24: MINGGU
A25: 10 | B25: SENIN | C25: 4000000
A26: 11 | B26: SELASA | C26: 4000000 | D26: 3215000 | E26: Pak Vicky, Honda Anugerah, Kak Sri
A27: 12 | B27: RABU | C27: 4000000 | D27: 11535000 | E27: Pak Adhi, SMK Muh 2 Lendah
A28: 13 | B28: KAMIS | C28: 4000000
A29: 14 | B29: JUMAT | C29: 4000000 | D29: 250000
A30: 15 | B30: SABTU | C30: 4000000
A31: 16 | B31: MINGGU
A32: 17 | B32: SENIN | C32: 4000000
A33: 18 | B33: SELASA | C33: 4000000
A34: 19 | B34: RABU | C34: 4000000
A35: 20 | B35: KAMIS | C35: 4000000 | D35: 7350000 | E35: Pak Chery
A36: 21 | B36: JUMAT | C36: 4000000
A37: 22 | B37: SABTU | C37: 4000000 | D37: 1790000 | E37: Pak Chandra
A38: 23 | B38: MINGGU
A39: 24 | B39: SENIN | C39: 4000000
A40: 25 | B40: SELASA | C40: 4000000
A41: 26 | B41: RABU | C41: 4000000
A42: 27 | B42: KAMIS | C42: 4000000
A43: 28 | B43: JUMAT | C43: 4000000
A44: 29 | B44: SABTU | C44: 4000000
A45: 30 | B45: MINGGU
A46: 31 | B46: SENIN | C46: 4000000
B49: TOTAL | C49: =SUM(C16:C46) -> 104000000 | D49: =SUM(D16:D48) -> 24470000
B51: TARGET Market Offline
A52: No | B52: Nama | C52: Pesanan | D52: Nominal
A53: 1 | B53: Kak Billy (offline) | C53: Seragam Indomaret | D53: 130000
A54: 2 | B54: Pak Adhi Bone | C54: Wearpack TKR | D54: 10230000
A55: 3 | B55: Pak Dwi Kapahiyang | C55: Seragam TBSM Dll | D55: 17000000 | F55: blm ada info
A56: 4 | B56: Pak Chery | C56: Seragam TBSM | D56: 7350000 | F56: nunggu design
A57: 5 | B57: Pak Ardianto | C57: Seragam TKR | D57: 12000000 | F57: awal tahun
A58: 6 | B58: Pak Vicky Kalasuba | C58: Seragam Otomotif | D58: 4000000
A59: 7 | B59: Honda Tsuma Jaya (Pak Alim) | C59: Seragam Otomotif | D59: 4000000
A60: 8 | B60: HONDA MOTOR Sukawijaya | C60: Seragam Otomotif | D60: 4000000
A61: 9 | B61: Honda Kompo Motor (Pak Tohirin) | C61: Seragam Otomotif | D61: 3000000
A62: 10 | B62: Honda Kurnia Jaya ( Pak Rizky) | C62: Seragam Otomotif | D62: 3500000
A63: 11 | B63: Honda Tunas Hartana | C63: Seragam Otomotif | D63: 4000000
A64: 12 | B64: Honda Nusantara Jaya (Bu Anita) | C64: Seragam Otomotif | D64: 4000000
A65: 13 | B65: Honda Duma Motor (Yohanes) | C65: Seragam Otomotif | D65: 4000000
A66: 14 | B66: Honda Tama Motor | C66: Seragam Otomotif | D66: 4000000
A67: 15 | B67: Mitra Karya Utama | C67: Seragam Polo | D67: 8000000
A68: 16 | B68: Honda Perkasa Service (Pak Afif) | C68: Seragam Otomotif | D68: 4000000
A69: 17 | B69: Honda Bintang kemakmuran | C69: Seragam Otomotif | D69: 3000000
... A71: 19 | B71: Honda Harika Motor Bekasi | C71: Seragam Otomotif | D71: 4000000
A72: 20 | B72: Kak Ninda | C72: Sample seragam | D72: 200000 | F72: akhir bulan
A73: 21 | B73: SMK Muh 2 Lendah | C73: Seragam PDH | D73: 1305000
A74: 22 | B74: Pak Candra | C74: Seragam Pertamina | D74: 1790000
B75: Total | D75: =SUM(D53:D74) -> 107505000

Sheet DESEMBER
A1: TARGET 2025
B4: Target Banua Konveksi
A5: 0 | C5: 9 | D5: 10 | E5: 11 | F5: 12 | G5: 1 | H5: 2 | I5: 3 | J5: 4 | K5: 5 | L5: 6 | M5: 7 | N5: 8
A6: No | B6: Nama Marketing | C6: September | D6: Oktober | E6: November | F6: Desember | G6: Januari | H6: Februari | I6: Maret | J6: April | K6: Mei | L6: Juni | M6: Juli | N6: Agustus
A7: 1 | B7: AJI PANGESTU | C7: 68000000 | D7: 68000000 | E7: 70000000 | F7: 70000000 | G7: =G2*G4 -> 0 | H7: =H2*H4 -> 0 | I7: =I2*I4 -> 0 | J7: =J2*J4 -> 0 | K7: =K2*K4 -> 0 | L7: =L2*L4 -> 0 | M7: =M2*M4 -> 0 | N7: =N2*N4 -> 0
A8: 2 | C8: =C4*C2 -> 0 | D8: =D4*D2 -> 0 | E8: =E4*E2 -> 0 | F8: =F4*F2 -> 0 | G8: =G4*G2 -> 0 | H8: =H4*H2 -> 0 | I8: =I4*I2 -> 0 | J8: =J4*J2 -> 0 | ... N8: =N4*N2 -> 0
A9: 3 | C9: =C4*C2 -> 0 | D9: =D4*D2 -> 0 | E9: =E4*E2 -> 0 | F9: =F4*F2 -> 0 | G9: =G4*G2 -> 0 | H9: =H4*H2 -> 0 | I9: =I4*I2 -> 0 | J9: =J4*J2 -> 0 | ... N9: =N4*N2 -> 0
A10: 4 | C10: =C4*C2/2 -> 0 | D10: =D4*D2/2 -> 0 | E10: =E4*E2/2 -> 0 | F10: =F4*F2/2 -> 0 | G10: =G4*G2/2 -> 0 | H10: =H4*H2/2 -> 0 | I10: =I4*I2/2 -> 0 | J10: =J4*J2/2 -> 0 | ... N10: =N4*N2/2 -> 0
A11: TOTAL | C11: =SUM(C7:C10) -> 68000000 | D11: =SUM(D7:D10) -> 68000000 | E11: =SUM(E7:E10) -> 70000000 | F11: =SUM(F7:F10) -> 70000000 | G11: =SUM(G7:G10) -> 0 | H11: =SUM(H7:H10) -> 0 | I11: =SUM(I7:I10) -> 0 | J11: =SUM(J7:J10) -> 0 | ... N11: =SUM(N7:N10) -> 0
A13: TGL | B13: 45962 | C13: AJI PANGESTU
C14: BANUA KONVEKSI
C15: MARKETING OFFLINE | D15: ACTUAL
A16: 1 | B16: SENIN | C16: 4000000 | D16: 4560000 | E16: SMKN 1 Kalikajar
A17: 2 | B17: SELASA | C17: 4000000 | D17: 4760000 | E17: Pak Rinto, Kak Ihsan
A18: 3 | B18: RABU | C18: 4000000 | D18: 1800000 | E18: Anaba
A19: 4 | B19: KAMIS | C19: 4000000 | D19: 675000 | E19: Pak Khasman
A20: 5 | B20: JUMAT | C20: 4000000 | D20: 205000 | E20: Pak Shidqi
A21: 6 | B21: SABTU | C21: 4000000
A22: 7 | B22: MINGGU
A23: 8 | B23: SENIN | C23: 4000000
A24: 9 | B24: SELASA | C24: 4000000
A25: 10 | B25: RABU | C25: 4000000
A26: 11 | B26: KAMIS | C26: 4000000
A27: 12 | B27: JUMAT | C27: 4000000
A28: 13 | B28: SABTU | C28: 4000000 | D28: 170000 | E28: Kak Fatah
A29: 14 | B29: MINGGU
A30: 15 | B30: SENIN | C30: 4000000
A31: 16 | B31: SELASA | C31: 4000000
A32: 17 | B32: RABU | C32: 4000000
A33: 18 | B33: KAMIS | C33: 4000000 | D33: 1200000 | E33: Honda Anugerah Yogyakarta
A34: 19 | B34: JUMAT | C34: 4000000
A35: 20 | B35: SABTU | C35: 4000000
A36: 21 | B36: MINGGU
A37: 22 | B37: SENIN | C37: 4000000
A38: 23 | B38: SELASA | C38: 4000000
A39: 24 | B39: RABU | C39: 4000000
A40: 25 | B40: KAMIS | C40: 4000000
A41: 26 | B41: JUMAT | C41: 4000000 | D41: 1595000 | E41: Pak Supoyo
A42: 27 | B42: SABTU | C42: 4000000
A43: 28 | B43: MINGGU
A44: 29 | B44: SENIN | C44: 4000000 | D44: 24720000 | E44: Pak Adin, Honda Badoray Jambi, Pak Wachidi
A45: 30 | B45: SELASA | C45: 4000000
A46: 31 | B46: RABU | C46: 4000000
B49: TOTAL | C49: =SUM(C16:C46) -> 108000000 | D49: =SUM(D16:D48) -> 39685000
B51: TARGET Market Offline
A52: No | B52: Nama | C52: Pesanan | D52: Nominal
A53: 1 | B53: SMKN 1 Kalikajar | C53: Wearpack Otomotif | D53: 4560000
A54: 2 | B54: Kak Ninda | C54: Seragam Taktikal | D54: 20000000
A55: 3 | B55: Pak Rizky Kurnia Motor | C55: Seragam Honda | D55: 2000000
A56: 4 | B56: Pak Aprin Akur Motor | C56: Seragam Honda | D56: 3000000
A57: 5 | B57: PT Tajimura | C57: Wearpack Otomotif | D57: 2000000
A58: 6 | B58: Honda Berkah (Jl Magelang) | C58: Seragam Honda | D58: 3000000
A59: 7 | B59: Pak Vicky (Kalasuba) | C59: Wearpack Otomotif | D59: 4000000
A60: 8 | B60: Salindo Berlian Motor | C60: Seragam Mitsubitshi | D60: 3000000
A61: 9 | B61: Naba | C61: Topi Custom | D61: 1800000
A62: 10 | B62: Pak Anang (Trio Motor) | C62: Seragam Honda | D62: 3000000
A63: 11 | B63: Kak Dewi (Glasindo) | C63: Seragam Otomotif | D63: 3000000
A64: 12 | B64: Pak Rinto | C64: Seragam Custom | D64: 3780000
... A73: 21 | B73: Pak Wachidi | C73: Wearpack Otomotif | D73: 11400000
A74: 22 | C74: Seragam Otomotif
A75: 23 | C75: Seragam Otomotif
A76: 24 | C76: Seragam Otomotif
A77: 25 | C77: Seragam Otomotif
A78: 26 | C78: Seragam Otomotif
A79: 27 | C79: Seragam TBSM
B80: Total | D80: =SUM(D53:D79) -> 82860000

Sheet JANUARI
A1: TARGET 2026
B4: Target Banua Konveksi
A5: 0 | C5: 9 | D5: 10 | E5: 11 | F5: 12 | G5: 1 | H5: 2 | I5: 3 | J5: 4 | K5: 5 | L5: 6 | M5: 7 | N5: 8
A6: No | B6: Nama Marketing | C6: September | D6: Oktober | E6: November | F6: Desember | G6: Januari | H6: Februari | I6: Maret | J6: April | K6: Mei | L6: Juni | M6: Juli | N6: Agustus
A7: 1 | B7: AJI PANGESTU | C7: 68000000 | D7: 68000000 | E7: 70000000 | F7: 70000000 | G7: 125000000 | H7: =H2*H4 -> 0 | I7: =I2*I4 -> 0 | J7: =J2*J4 -> 0 | K7: =K2*K4 -> 0 | L7: =L2*L4 -> 0 | M7: =M2*M4 -> 0 | N7: =N2*N4 -> 0
A8: 2 | C8: =C4*C2 -> 0 | D8: =D4*D2 -> 0 | E8: =E4*E2 -> 0 | F8: =F4*F2 -> 0 | G8: =G4*G2 -> 0 | H8: =H4*H2 -> 0 | I8: =I4*I2 -> 0 | J8: =J4*J2 -> 0 | ... N8: =N4*N2 -> 0
A9: 3 | C9: =C4*C2 -> 0 | D9: =D4*D2 -> 0 | E9: =E4*E2 -> 0 | F9: =F4*F2 -> 0 | G9: =G4*G2 -> 0 | H9: =H4*H2 -> 0 | I9: =I4*I2 -> 0 | J9: =J4*J2 -> 0 | ... N9: =N4*N2 -> 0
A10: 4 | C10: =C4*C2/2 -> 0 | D10: =D4*D2/2 -> 0 | E10: =E4*E2/2 -> 0 | F10: =F4*F2/2 -> 0 | G10: =G4*G2/2 -> 0 | H10: =H4*H2/2 -> 0 | I10: =I4*I2/2 -> 0 | J10: =J4*J2/2 -> 0 | ... N10: =N4*N2/2 -> 0
A11: TOTAL | C11: =SUM(C7:C10) -> 68000000 | D11: =SUM(D7:D10) -> 68000000 | E11: =SUM(E7:E10) -> 70000000 | F11: =SUM(F7:F10) -> 70000000 | G11: =SUM(G7:G10) -> 125000000 | H11: =SUM(H7:H10) -> 0 | I11: =SUM(I7:I10) -> 0 | J11: =SUM(J7:J10) -> 0 | ... N11: =SUM(N7:N10) -> 0
A13: TGL | B13: 46023 | C13: AJI PANGESTU
C14: BANUA KONVEKSI
C15: MARKETING OFFLINE | D15: ACTUAL
A16: 1 | B16: KAMIS | C16: 5000000
A17: 2 | B17: JUMAT | C17: 5000000
A18: 3 | B18: SABTU | C18: 5000000
A19: 4 | B19: MINGGU
A20: 5 | B20: SENIN | C20: 5000000
A21: 6 | B21: SELASA | C21: 5000000
A22: 7 | B22: RABU | C22: 5000000 | D22: 2115000 | E22: Pak Windarto. PT Tajimura
A23: 8 | B23: KAMIS | C23: 5000000 | D23: 2340000 | E23: UKM Pramuka UAD
A24: 9 | B24: JUMAT | C24: 5000000 | D24: 7365000 | E24: SMS Motor Bekasi
A25: 10 | B25: SABTU | C25: 5000000
A26: 11 | B26: MINGGU
A27: 12 | B27: SENIN | C27: 5000000 | D27: 1150000 | E27: Moyudan, Pak Salim (SMS Motor)
A28: 13 | B28: SELASA | C28: 5000000 | D28: 4805000 | E28: Pak Muhammad, Pak Supoyo
A29: 14 | B29: RABU | C29: 5000000 | D29: 5040000 | E29: Kalasuba
A30: 15 | B30: KAMIS | C30: 5000000
A31: 16 | B31: JUMAT | C31: 5000000 | D31: 135000 | E31: Pak Eko Bengkel Wijaya Jogja
A32: 17 | B32: SABTU | C32: 5000000
A33: 18 | B33: MINGGU
A34: 19 | B34: SENIN | C34: 5000000
A35: 20 | B35: SELASA | C35: 5000000
A36: 21 | B36: RABU | C36: 5000000
A37: 22 | B37: KAMIS | C37: 5000000
A38: 23 | B38: JUMAT | C38: 5000000
A39: 24 | B39: SABTU | C39: 5000000
A40: 25 | B40: MINGGU
A41: 26 | B41: SENIN | C41: 5000000
A42: 27 | B42: SELASA | C42: 5000000
A43: 28 | B43: RABU | C43: 5000000
A44: 29 | B44: KAMIS | C44: 5000000
A45: 30 | B45: JUMAT | C45: 5000000
A46: 31 | B46: SABTU | C46: 5000000
B48: TOTAL | C48: =SUM(C16:C46) -> 135000000 | D48: =SUM(D16:D47) -> 22950000 | E48: 100000000
B50: TARGET Market Offline
A51: No | B51: Nama | C51: Pesanan | D51: Nominal
A52: 1 | B52: SMKN Andalusa Wonosobo | C52: Wearpack Custom | D52: 13000000
A53: 2 | B53: Kak Ninda | C53: Seragam Taktikal | D53: 20000000
A54: 3 | B54: Pak Rizky Kurnia Motor | C54: Seragam Honda | D54: 5000000
A55: 4 | B55: Pak Aprin Akur Motor | C55: Seragam Honda | D55: 10000000
A56: 5 | B56: PT Tajimura | C56: Wearpack Otomotif | D56: 5000000
A57: 6 | B57: Honda Carnaval Banten | C57: Seragam Honda | D57: 2000000
A58: 7 | B58: Pak Vicky (Kalasuba) | C58: Wearpack Otomotif | D58: 5040000
A59: 8 | B59: Salindo Berlian Motor | C59: Seragam Mitsubitshi | D59: 5000000
A60: 9 | B60: Shidqi | C60: Seragam Wuling ATPM | D60: 5000000
A61: 10 | B61: Honda Rona Meteror Bogor | C61: Seragam Honda | D61: 2000000
A62: 11 | B62: Pak Rendi SMS | C62: Seragam Honda | D62: 7365000
A63: 12 | B63: Honda Adi Motor Kendal | C63: Seragam Honda | D63: 2000000
... A77: 26 | B77: Pak Eko Bengkel Wijaya Jogja | C77: Seragam Otomotif | D77: 135000
A78: 27 | C78: Seragam TBSM
B79: Total | D79: =SUM(D52:D78) -> 107950000
